"Transaction_ID","Account_Holder_ID","Transaction_Amount","Transaction_Location","Timestamp","Merchant_Category","Device_Type","Previous_Fraud_Reports","Transaction_Type","Fraudulent"
"T00001","A0236",2495.98,"Online",2024-12-18 02:15:19,NA,"Mobile",1,"Debit",1
"T00002","A0396",2148.77,"In-Store",2024-03-06 20:14:25,"Groceries","Mobile",2,"Credit",1
"T00003","A0245",3979.22,"In-Store",2024-02-27 04:52:00,"Electronics","POS",0,"Credit",1
"T00004",NA,4810.23,"In-Store",2024-07-04 04:06:36,"Clothing","Mobile",0,"Credit",1
"T00005","A0368",6398.84,"Online",2024-02-20 20:44:55,NA,"Mobile",0,"Debit",1
"T00006","A0202",8988.57,"In-Store",2024-02-04 01:53:50,"Groceries","Mobile",2,"Credit",1
"T00007","A0236",9149.03,"Online",2024-01-12 06:32:51,"Entertainment","Mobile",0,"Credit",1
"T00008","A0402",6595.26,"In-Store",2024-09-20 09:45:17,"Electronics","Web",3,"Debit",0
"T00009","A0480",1059.04,"Online",2024-02-23 22:54:45,"Entertainment","Mobile",3,"Credit",0
"T00010","A0346",5333.24,"Online",2024-04-04 23:32:33,NA,"Web",0,"Credit",1
"T00011","A0137",8653.81,"In-Store",2024-04-01 22:51:54,NA,"Mobile",0,"Credit",1
"T00012","A0248",6354.51,"Online",2024-10-06 14:51:17,NA,"Web",0,"Debit",0
"T00013","A0298",660.03,"Online",2024-12-25 05:17:34,"Clothing","Web",0,"Debit",1
"T00014",NA,1167.69,"Online",2024-08-15 00:09:19,NA,"Mobile",0,"Credit",0
"T00015","A0221",7763.32,"In-Store",2024-08-09 13:51:52,"Groceries","Mobile",0,"Credit",1
"T00016","A0495",4768.18,"Online",2024-11-25 00:09:11,NA,"Web",0,"Debit",1
"T00017","A0198",1138.14,"In-Store",2024-01-30 13:25:58,"Entertainment","Web",0,"Credit",0
"T00018","A0168",577.56,"In-Store",2024-09-07 07:15:53,"Clothing","Web",2,"Debit",0
"T00019",NA,6243.28,"Online",2024-12-08 17:08:48,NA,"Mobile",1,"Debit",1
"T00020","A0396",2535.49,"In-Store",2024-01-19 08:09:52,"Groceries","Web",0,"Debit",1
"T00021","A0211",6767.31,"Online",2024-06-14 17:16:53,"Clothing","Mobile",0,"Credit",1
"T00022",NA,2032.11,"In-Store",2024-02-05 13:13:58,NA,"Web",1,"Debit",0
"T00023","A0145",8665.73,"In-Store",2024-01-22 01:18:45,"Clothing","Mobile",0,"Debit",1
"T00024","A0270",4519.09,"In-Store",2024-02-05 06:41:03,"Groceries","Mobile",0,"Debit",1
"T00025","A0411",515.41,"Online",2024-05-06 16:24:47,NA,"Web",0,"Credit",0
"T00026",NA,6544.59,"Online",2024-05-01 23:20:58,"Groceries","Web",0,"Debit",1
"T00027","A0453",8990.95,"In-Store",2024-04-12 00:01:17,"Groceries","Mobile",3,"Debit",1
"T00028",NA,2977.41,"Online",2024-05-09 19:35:48,NA,"POS",0,"Debit",1
"T00029","A0113",5144.13,"In-Store",2024-12-26 21:43:33,NA,"Mobile",0,"Debit",1
"T00030",NA,1408.91,"Online",2024-12-04 16:05:38,NA,"Mobile",0,"Debit",0
"T00031","A0036",6356.49,"Online",2024-07-15 00:15:59,NA,"POS",50,"Credit",1
"T00032","A0229",7392.64,"In-Store",2024-08-24 04:47:42,"Electronics","Mobile",50,"Credit",1
"T00033",NA,6441.83,"In-Store",2024-10-28 00:17:39,"Electronics","Mobile",0,"Credit",1
"T00034","A0444",1842,"Online",2024-08-21 03:20:43,NA,"Web",0,"Credit",1
"T00035","A0363",9794.27,"Online",2024-02-09 19:30:17,NA,"Mobile",0,"Credit",1
"T00036","A0412",1967.23,"In-Store",2024-02-23 12:22:22,"Electronics","Web",0,"Credit",0
"T00037","A0423",8004.55,"Online",2024-05-17 15:46:35,NA,"Web",0,"Debit",1
"T00038","A0310",3566.78,"Online",2024-06-25 16:45:50,"Electronics","Mobile",0,"Credit",0
"T00039","A0101",6041.36,"In-Store",2024-07-10 11:28:59,NA,"Web",0,"Credit",0
"T00040","A0138",2036.53,"Online",2024-09-15 13:55:37,"Clothing","Mobile",0,"Credit",0
"T00041",NA,8622.24,"Online",2024-06-24 15:55:20,"Groceries","Mobile",0,"Debit",0
"T00042","A0188",7773.95,"Online",2024-12-25 04:45:46,NA,"Mobile",0,"Credit",1
"T00043","A0040",4680.26,"In-Store",2024-04-14 06:01:26,NA,"Mobile",0,"Debit",1
"T00044",NA,304.17,"Online",2024-08-07 11:30:40,"Clothing","Mobile",2,"Credit",0
"T00045","A0046",5966.78,"Online",2024-10-18 03:53:24,NA,"POS",0,"Credit",1
"T00046","A0398",9522.8,"In-Store",2024-12-09 18:31:43,NA,"Mobile",50,"Credit",0
"T00047","A0315",9054.32,"Online",2024-07-05 09:52:06,NA,"Web",1,"Debit",1
"T00048","A0361",6249,"Online",2024-01-23 10:07:53,"Groceries","Mobile",2,"Credit",1
"T00049","A0020",2955.58,"Online",2024-03-27 12:46:06,NA,"Web",0,"Debit",1
"T00050","A0151",8151.88,"In-Store",2024-08-05 15:53:33,NA,"Web",3,"Credit",0
"T00051","A0384",1544.25,"Online",2024-09-05 12:01:13,"Entertainment","Web",0,"Debit",0
"T00052","A0471",2442.63,"Online",2024-02-18 01:02:32,NA,"Web",20,"Credit",0
"T00053",NA,5280.68,"Online",2024-03-17 19:16:23,"Entertainment","Mobile",0,"Credit",1
"T00054","A0014",5082.77,"In-Store",2024-07-09 14:25:47,"Electronics","Mobile",0,"Debit",0
"T00055","A0439",7959.93,"Online",2024-10-18 02:28:46,"Others","POS",0,"Credit",1
"T00056","A0083",4792.75,"In-Store",2024-04-29 03:45:42,"Groceries","Mobile",0,"Debit",1
"T00057","A0237",3389.65,"In-Store",2024-07-04 22:58:46,NA,"Web",0,"Debit",1
"T00058",NA,9758.97,"Online",2024-01-30 08:19:38,NA,"Mobile",0,"Debit",1
"T00059","A0290",2966.17,"Online",2024-04-16 06:25:36,NA,"Mobile",0,"Debit",0
"T00060",NA,6843.71,"In-Store",2024-08-27 21:54:06,"Electronics","Mobile",1,"Debit",1
"T00061","A0083",9275.05,"Online",2024-09-14 01:00:41,"Electronics","POS",0,"Credit",1
"T00062","A0022",9438.82,"Online",2024-05-08 03:42:27,"Electronics","Mobile",0,"Debit",1
"T00063","A0239",9301.96,"Online",2024-05-01 05:49:24,"Entertainment","Mobile",0,"Debit",1
"T00064","A0349",2120.63,"Online",2024-09-20 06:42:27,"Entertainment","Web",1,"Credit",1
"T00065",NA,8958.96,"In-Store",2024-02-08 20:06:21,"Groceries","Web",2,"Debit",0
"T00066","A0092",2882.06,"Online",2024-08-08 02:09:30,"Others","Mobile",0,"Debit",1
"T00067","A0063",9205.56,"Online",2024-04-09 23:07:48,"Clothing","Web",0,"Credit",1
"T00068","A0449",4452.56,"In-Store",2024-09-04 18:21:00,NA,"Web",0,"Debit",0
"T00069","A0098",6192.75,"Online",2024-02-27 18:25:44,NA,"Mobile",1,"Debit",0
"T00070",NA,8817.27,"In-Store",2024-03-19 06:11:15,"Groceries","Web",1,"Debit",1
"T00071","A0224",1560.38,"Online",2024-03-29 20:34:10,NA,"Web",0,"Debit",1
"T00072","A0477",2727.88,"Online",2024-06-04 22:32:07,NA,"Mobile",0,"Credit",1
"T00073","A0399",2214.59,"Online",2024-10-24 11:34:15,"Groceries","Mobile",0,"Credit",0
"T00074","A0052",3495.49,"Online",2024-03-26 16:40:24,"Electronics","Web",0,"Credit",1
"T00075",NA,8066.17,"Online",2024-03-10 14:50:07,"Entertainment","Mobile",40,"Debit",0
"T00076","A0088",8746.37,"Online",2024-09-02 00:01:03,NA,"Mobile",0,"Credit",1
"T00077","A0198",7583.09,"Online",2024-02-08 09:03:20,NA,"POS",3,"Credit",1
"T00078","A0253",219.46,"Online",2024-03-12 21:17:55,NA,"Mobile",0,"Debit",1
"T00079",NA,6037.42,"Online",2024-05-04 07:16:11,NA,"Web",0,"Debit",1
"T00080","A0424",5658.81,"Online",2024-05-21 08:21:29,NA,"Mobile",1,"Credit",0
"T00081","A0220",6217.4,"Online",2024-06-11 07:51:32,NA,"Mobile",0,"Debit",1
"T00082","A0201",7911.4,"Online",2024-10-04 02:29:10,"Entertainment","POS",1,"Debit",1
"T00083","A0443",3432.87,"In-Store",2024-01-13 11:38:21,"Entertainment","Mobile",0,"Credit",0
"T00084","A0099",1987.57,"Online",2024-02-02 21:37:25,"Clothing","Mobile",0,"Debit",1
"T00085",NA,168.57,"Online",2024-05-27 01:09:17,NA,"Web",2,"Credit",0
"T00086","A0315",3580.14,"In-Store",2024-12-25 01:31:25,"Entertainment","Web",1,"Credit",0
"T00087","A0150",6746.1,"Online",2024-08-02 05:46:44,"Groceries","Web",0,"Debit",1
"T00088",NA,3560.58,"Online",2024-06-08 07:06:19,"Clothing","Mobile",2,"Debit",0
"T00089","A0121",7048.77,"In-Store",2024-04-27 23:40:44,NA,"Mobile",1,"Debit",1
"T00090","A0196",723.47,"Online",2024-10-04 00:12:03,NA,"Mobile",0,"Credit",1
"T00091","A0292",133.65,"In-Store",2024-04-05 18:38:46,NA,"Mobile",0,"Credit",1
"T00092","A0253",6600.71,"Online",2024-08-20 05:11:50,NA,"Mobile",0,"Debit",1
"T00093","A0307",6342.06,"Online",2024-04-01 10:00:45,"Electronics","Web",1,"Debit",1
"T00094","A0451",4421.39,"In-Store",2024-06-27 04:12:56,NA,"Mobile",0,"Debit",1
"T00095","A0343",6990.83,"In-Store",2024-08-12 02:10:11,NA,"Mobile",0,"Credit",1
"T00096",NA,5338.41,"Online",2024-05-16 10:12:02,"Groceries","Web",1,"Debit",1
"T00097","A0481",761.53,"In-Store",2024-12-25 13:52:01,"Entertainment","Web",0,"Debit",0
"T00098","A0484",6029.77,"Online",2024-05-15 11:22:46,"Groceries","Web",0,"Debit",1
"T00099","A0010",9197.94,"In-Store",2024-04-22 04:27:58,"Groceries","Web",0,"Credit",1
"T00100",NA,1807.16,"Online",2024-02-14 11:04:15,NA,"Mobile",2,"Credit",1
"T00101","A0384",1575.09,"In-Store",2024-08-11 02:42:51,"Electronics","Web",0,"Debit",1
"T00102","A0180",5818.89,"Online",2024-10-13 21:13:17,NA,"Mobile",1,"Credit",1
"T00103","A0233",2892.62,"In-Store",2024-08-17 08:59:01,NA,"Mobile",20,"Debit",0
"T00104","A0351",5125.39,"Online",2024-07-05 09:13:27,"Clothing","Mobile",0,"Debit",0
"T00105","A0222",8591.28,"In-Store",2024-01-19 03:54:32,"Electronics","Web",0,"Credit",1
"T00106","A0252",8997.7,"Online",2024-10-18 00:38:54,"Clothing","Web",0,"Debit",1
"T00107",NA,2943.17,"In-Store",2024-11-15 21:04:26,NA,"Web",1,"Debit",1
"T00108",NA,7434.14,"Online",2024-02-12 01:47:55,NA,"Web",0,"Debit",1
"T00109","A0113",6643.23,"Online",2024-11-26 02:43:18,NA,"Web",0,"Credit",1
"T00110","A0418",1366.11,"Online",2024-01-27 11:19:15,NA,"Web",0,"Credit",0
"T00111","A0283",7649.89,"Online",2024-04-15 13:37:09,NA,"Web",1,"Credit",0
"T00112",NA,1146.2,"Online",2024-07-23 00:12:04,NA,"Mobile",0,"Debit",1
"T00113","A0015",9190.9,"In-Store",2024-11-11 08:57:10,"Clothing","Web",0,"Debit",0
"T00114","A0422",9502.39,"In-Store",2024-08-08 06:54:57,"Electronics","Mobile",0,"Debit",1
"T00115","A0026",1517.24,"Online",2024-11-28 05:29:15,"Clothing","Web",2,"Credit",0
"T00116","A0041",2932.63,"Online",2024-02-28 10:22:12,NA,"Web",0,"Debit",0
"T00117","A0344",7009.79,"In-Store",2024-05-18 00:35:13,NA,"Web",0,"Debit",1
"T00118","A0079",3531.53,"Online",2024-05-20 09:07:48,"Entertainment","Web",0,"Credit",0
"T00119","A0131",9116.74,"Online",2024-06-15 04:06:09,"Electronics","Web",0,"Credit",1
"T00120","A0126",422.61,"Online",2024-12-14 00:31:03,NA,"Web",0,"Credit",0
"T00121","A0308",1147.94,"In-Store",2024-01-28 21:48:27,"Clothing","Mobile",0,"Debit",0
"T00122",NA,1007.78,"In-Store",2024-03-12 18:28:41,NA,"Web",1,"Debit",0
"T00123","A0487",854.14,"Online",2024-08-29 04:46:29,"Clothing","Web",1,"Credit",0
"T00124","A0077",1066.9,"In-Store",2024-10-17 02:47:19,"Entertainment","POS",0,"Credit",1
"T00125","A0070",3427.42,"Online",2024-10-08 07:04:40,NA,"Mobile",0,"Credit",0
"T00126",NA,1024.35,"Online",2024-06-10 22:33:38,"Groceries","Mobile",0,"Debit",1
"T00127","A0275",4574.28,"In-Store",2024-06-19 05:27:30,"Electronics","Mobile",1,"Credit",1
"T00128","A0134",3812.14,"Online",2024-03-11 21:06:40,NA,"POS",0,"Debit",0
"T00129","A0028",5488.59,"In-Store",2024-04-09 21:55:55,"Groceries","Mobile",2,"Debit",1
"T00130",NA,6147.69,"In-Store",2024-10-15 07:05:49,NA,"Mobile",0,"Debit",0
"T00131","A0078",3201.94,"In-Store",2024-10-05 12:49:46,"Entertainment","Web",0,"Credit",0
"T00132","A0418",2583.1,"In-Store",2024-05-31 20:52:08,NA,"Web",0,"Debit",1
"T00133","A0463",6080.8,"Online",2024-03-25 10:55:45,"Entertainment","Mobile",0,"Credit",0
"T00134","A0157",2362.36,"Online",2024-07-18 16:49:56,NA,"Mobile",0,"Credit",0
"T00135","A0033",2943.02,"Online",2024-05-03 13:09:39,"Clothing","Mobile",0,"Debit",1
"T00136","A0304",5022.64,"In-Store",2024-11-26 12:47:27,"Groceries","Mobile",0,"Credit",0
"T00137","A0239",3231.53,"Online",2024-07-15 05:22:22,"Electronics","Web",0,"Debit",1
"T00138","A0492",6054.67,"Online",2024-07-17 13:03:55,"Groceries","Mobile",0,"Debit",0
"T00139",NA,6581.68,"Online",2024-01-23 07:55:15,"Entertainment","Mobile",0,"Credit",1
"T00140",NA,8657.48,"Online",2024-04-13 14:15:03,"Clothing","Web",2,"Credit",1
"T00141","A0462",2884.02,"Online",2024-08-09 11:26:47,"Electronics","Web",0,"Credit",1
"T00142","A0080",5447.81,"Online",2024-06-12 21:23:40,"Groceries","Web",1,"Debit",1
"T00143",NA,850.05,"Online",2024-05-18 18:35:05,"Groceries","Mobile",0,"Credit",0
"T00144","A0281",2023.06,"In-Store",2024-09-08 17:56:54,"Entertainment","POS",0,"Debit",0
"T00145","A0454",5722.82,"Online",2024-05-01 22:16:10,NA,"Web",0,"Debit",1
"T00146","A0303",6473.06,"Online",2024-12-03 15:18:17,NA,"Web",0,"Credit",1
"T00147","A0411",1459.16,"In-Store",2024-07-09 05:18:14,"Entertainment","Mobile",0,"Credit",0
"T00148","A0042",5453.47,"Online",2024-02-28 06:36:13,"Clothing","POS",1,"Debit",0
"T00149","A0424",9743.59,"In-Store",2024-11-01 16:08:18,NA,"Web",0,"Debit",0
"T00150","A0355",4018.04,"Online",2024-07-13 18:49:24,"Groceries","Mobile",0,"Debit",1
"T00151",NA,6962.53,"In-Store",2024-09-10 04:27:18,NA,"Web",0,"Debit",1
"T00152","A0157",549.49,"In-Store",2024-01-04 04:34:24,"Electronics","Mobile",1,"Debit",0
"T00153","A0466",3362.01,"In-Store",2024-03-15 12:52:05,NA,"Mobile",0,"Debit",1
"T00154","A0419",2741.92,"Online",2024-02-07 17:11:32,"Clothing","Mobile",1,"Credit",0
"T00155","A0230",1381.9,"In-Store",2024-05-26 02:34:06,NA,"Web",0,"Credit",1
"T00156","A0388",9639.82,"In-Store",2024-12-03 13:54:42,"Entertainment","Web",1,"Credit",1
"T00157","A0006",6198.6,"Online",2024-09-17 19:10:38,NA,"POS",1,"Credit",1
"T00158","A0485",3142.88,"In-Store",2024-11-15 07:32:20,NA,"Web",0,"Credit",0
"T00159","A0373",2536.17,"In-Store",2024-08-26 16:02:52,NA,"Mobile",0,"Credit",0
"T00160","A0125",2118.9,"In-Store",2024-07-13 23:09:29,"Groceries","Web",0,"Debit",1
"T00161","A0059",5767.36,"In-Store",2024-06-27 09:14:47,"Groceries","Web",0,"Credit",1
"T00162","A0424",1833.01,"In-Store",2024-01-13 20:52:20,"Electronics","Mobile",0,"Debit",0
"T00163","A0351",618.02,"Online",2024-11-13 18:13:44,"Others","Mobile",0,"Credit",0
"T00164","A0126",4272.73,"Online",2024-05-03 20:39:44,"Groceries","POS",1,"Credit",1
"T00165","A0481",1979.5,"In-Store",2024-11-27 13:33:42,NA,"Mobile",20,"Credit",0
"T00166","A0272",9126.17,"In-Store",2024-04-20 07:31:10,NA,"Mobile",0,"Credit",1
"T00167",NA,4926.86,"In-Store",2024-11-23 07:04:27,NA,"Mobile",0,"Credit",1
"T00168","A0186",3525.65,"In-Store",2024-05-25 10:03:49,"Groceries","POS",2,"Debit",0
"T00169","A0327",9845.9,"Online",2024-06-01 16:54:31,NA,"Mobile",0,"Debit",1
"T00170","A0097",8665.56,"Online",2024-08-24 16:20:49,"Clothing","Web",0,"Credit",1
"T00171","A0065",5472.79,"Online",2024-05-31 03:53:05,NA,"Mobile",0,"Debit",1
"T00172","A0384",3828.75,"Online",2024-09-18 20:01:13,NA,"Web",0,"Debit",1
"T00173","A0301",9768.35,"In-Store",2024-06-27 15:24:52,"Entertainment","Web",0,"Credit",1
"T00174",NA,7798.55,"In-Store",2024-02-21 16:10:16,NA,"Mobile",0,"Credit",1
"T00175","A0232",2547.53,"Online",2024-12-29 13:41:20,"Groceries","Mobile",0,"Credit",0
"T00176","A0266",4810.89,"In-Store",2024-03-02 09:36:42,"Clothing","Mobile",1,"Debit",1
"T00177","A0474",4899.82,"Online",2024-08-08 03:34:09,"Electronics","Web",5,"Debit",0
"T00178","A0428",8014.58,"Online",2024-09-12 16:49:43,"Electronics","Web",0,"Debit",1
"T00179","A0090",5683.22,"Online",2024-01-21 23:21:13,NA,"Web",0,"Credit",1
"T00180","A0470",9326.06,"In-Store",2024-06-28 03:14:40,"Others","Web",40,"Credit",1
"T00181","A0220",4254.65,"In-Store",2024-07-21 14:07:36,NA,"Web",1,"Debit",0
"T00182","A0182",385.25,"In-Store",2024-06-17 18:29:15,"Groceries","Mobile",2,"Credit",0
"T00183",NA,9824.11,"Online",2024-01-22 15:40:33,NA,"Web",0,"Debit",1
"T00184","A0215",9017.74,"Online",2024-02-06 21:02:20,NA,"Mobile",0,"Debit",1
"T00185","A0410",294.92,"In-Store",2024-11-28 21:39:42,"Groceries","Mobile",0,"Credit",1
"T00186","A0335",1079.16,"Online",2024-02-25 00:33:20,NA,"Web",1,"Credit",0
"T00187","A0083",133.06,"In-Store",2024-05-17 00:13:40,NA,"Mobile",1,"Debit",0
"T00188","A0265",243.61,"Online",2024-07-26 16:46:45,"Clothing","Web",0,"Credit",1
"T00189","A0231",5441.27,"Online",2024-12-29 21:59:42,NA,"Mobile",1,"Debit",1
"T00190","A0367",7887.06,"Online",2024-06-19 02:27:25,"Entertainment","Mobile",1,"Credit",1
"T00191","A0191",4061.97,"In-Store",2024-11-05 13:10:47,NA,"Mobile",0,"Debit",0
"T00192","A0251",1875.43,"Online",2024-11-06 15:03:53,"Entertainment","Mobile",0,"Credit",0
"T00193","A0484",5619.62,"Online",2024-07-02 07:35:04,"Electronics","Mobile",1,"Debit",1
"T00194","A0044",1253.19,"Online",2024-01-14 08:28:44,"Entertainment","Mobile",1,"Debit",0
"T00195","A0285",2688.2,"Online",2024-03-27 00:38:34,"Electronics","POS",0,"Debit",1
"T00196","A0182",838.7,"In-Store",2024-01-01 23:03:12,NA,"Web",0,"Debit",0
"T00197","A0380",633.93,"In-Store",2024-05-11 12:19:11,NA,"Web",0,"Debit",0
"T00198","A0148",821.05,"Online",2024-03-23 00:39:04,NA,"Mobile",0,"Credit",1
"T00199",NA,8025.77,"Online",2024-02-17 09:44:29,"Groceries","Web",0,"Debit",1
"T00200","A0323",6083.99,"Online",2024-10-18 06:52:35,NA,"Mobile",0,"Credit",1
"T00201","A0275",7311.4,"In-Store",2024-11-27 12:39:35,"Entertainment","Mobile",0,"Credit",1
"T00202","A0056",1848.41,"Online",2024-03-07 10:39:10,NA,"Web",0,"Debit",0
"T00203",NA,6948.75,"Online",2024-09-29 21:54:59,NA,"Web",0,"Credit",1
"T00204","A0095",4679.55,"In-Store",2024-11-28 05:13:04,"Clothing","Mobile",2,"Credit",1
"T00205",NA,2865.33,"In-Store",2024-04-28 06:14:43,NA,"Web",0,"Debit",0
"T00206","A0354",9757.43,"Online",2024-11-27 14:58:44,"Entertainment","Mobile",1,"Credit",1
"T00207","A0161",5249.53,"Online",2024-03-07 09:55:27,"Clothing","Web",0,"Credit",1
"T00208","A0275",7595.76,"Online",2024-01-08 05:27:02,NA,"Mobile",0,"Debit",1
"T00209","A0394",9014.24,"In-Store",2024-11-19 13:16:25,"Groceries","Mobile",0,"Credit",1
"T00210","A0391",5654.44,"Online",2024-12-06 08:15:34,"Entertainment","Web",0,"Credit",1
"T00211","A0125",2351.4,"Online",2024-10-23 20:01:25,"Groceries","Web",0,"Credit",1
"T00212","A0422",197.95,"In-Store",2024-06-14 07:18:31,NA,"Mobile",2,"Credit",0
"T00213","A0122",4648.2,"Online",2024-05-21 06:54:14,"Clothing","Mobile",0,"Credit",1
"T00214","A0059",4310.86,"Online",2024-04-02 18:10:16,NA,"Web",2,"Credit",0
"T00215","A0433",1302.59,"Online",2024-11-02 03:01:25,"Electronics","Web",1,"Credit",1
"T00216",NA,6960.17,"In-Store",2024-11-05 02:50:06,"Clothing","Web",0,"Credit",1
"T00217","A0449",5031.34,"In-Store",2024-09-03 01:54:13,NA,"Mobile",0,"Debit",1
"T00218","A0277",3415.45,"In-Store",2024-11-22 09:27:02,"Electronics","Web",0,"Credit",0
"T00219","A0193",8138.91,"Online",2024-09-01 16:00:39,"Clothing","Web",4,"Credit",1
"T00220","A0328",3825.8,"Online",2024-01-25 06:39:13,NA,"Mobile",0,"Debit",1
"T00221","A0412",5469.11,"In-Store",2024-02-10 23:59:41,"Electronics","POS",0,"Debit",1
"T00222","A0349",9868.35,"Online",2024-10-27 00:42:01,NA,"Web",2,"Credit",1
"T00223","A0216",4623.3,"Online",2024-03-04 23:59:59,NA,"Web",0,"Debit",1
"T00224",NA,6771.92,"Online",2024-02-12 09:25:33,"Clothing","Mobile",0,"Credit",0
"T00225","A0031",8072.52,"Online",2024-07-17 10:37:07,"Entertainment","Web",0,"Credit",0
"T00226","A0452",7387.71,"In-Store",2024-01-09 05:55:35,NA,"Mobile",0,"Credit",1
"T00227","A0387",856.08,"In-Store",2024-07-14 18:24:32,NA,"POS",0,"Debit",1
"T00228",NA,8087.14,"Online",2024-03-21 16:50:55,"Electronics","Web",1,"Debit",1
"T00229",NA,8742.48,"In-Store",2024-05-01 11:22:34,"Entertainment","Mobile",1,"Debit",0
"T00230","A0477",8854.46,"Online",2024-12-08 22:33:48,"Others","POS",0,"Debit",1
"T00231",NA,5729.77,"Online",2024-09-02 07:33:26,NA,"Mobile",1,"Debit",1
"T00232","A0407",7116.11,"In-Store",2024-04-01 11:53:51,"Entertainment","Web",1,"Debit",1
"T00233","A0420",8817.4,"Online",2024-02-09 15:34:02,NA,"Mobile",2,"Debit",1
"T00234",NA,9637.11,"Online",2024-03-27 04:55:13,"Groceries","Web",0,"Credit",1
"T00235","A0332",7517.49,"Online",2024-10-22 16:26:40,NA,"Web",0,"Credit",1
"T00236","A0125",3990.18,"Online",2024-12-18 15:24:44,"Groceries","Web",0,"Debit",1
"T00237","A0438",9308.88,"In-Store",2024-11-17 21:56:09,NA,"Web",0,"Debit",1
"T00238","A0495",7755.15,"Online",2024-04-15 03:38:51,"Entertainment","Mobile",0,"Debit",1
"T00239",NA,656.2,"Online",2024-01-11 10:57:40,"Clothing","Web",0,"Credit",0
"T00240","A0403",1372.49,"Online",2024-09-27 03:36:41,NA,"Web",0,"Credit",1
"T00241","A0298",8454.26,"In-Store",2024-07-12 16:55:46,"Groceries","Mobile",2,"Credit",0
"T00242","A0190",7924.21,"In-Store",2024-01-11 10:09:41,NA,"Mobile",0,"Credit",0
"T00243","A0055",6125,"Online",2024-02-22 02:03:47,NA,"Web",0,"Credit",1
"T00244","A0005",1323.12,"In-Store",2024-12-13 15:52:02,NA,"Mobile",50,"Debit",0
"T00245","A0035",6185.26,"In-Store",2024-03-18 13:32:55,NA,"Mobile",0,"Credit",1
"T00246","A0222",8615.74,"In-Store",2024-02-14 17:11:22,"Clothing","Mobile",0,"Credit",1
"T00247",NA,8096.18,"In-Store",2024-08-02 03:47:25,"Groceries","Web",3,"Credit",1
"T00248","A0380",2747.03,"Online",2024-03-30 16:58:00,NA,"Mobile",0,"Credit",0
"T00249","A0200",6361.98,"Online",2024-05-11 20:47:53,"Groceries","Web",0,"Credit",1
"T00250",NA,7275.48,"Online",2024-03-09 18:22:16,"Clothing","Mobile",2,"Credit",1
"T00251",NA,9040.97,"In-Store",2024-11-27 15:26:53,"Entertainment","Mobile",1,"Credit",0
"T00252","A0162",5176.62,"Online",2024-06-19 09:10:50,NA,"Web",1,"Debit",1
"T00253","A0164",2639.14,"In-Store",2024-10-25 05:27:10,NA,"Mobile",0,"Debit",1
"T00254","A0500",7032.05,"In-Store",2024-03-24 19:59:22,NA,"Mobile",1,"Debit",0
"T00255","A0273",804.2,"In-Store",2024-11-05 08:15:31,NA,"Web",0,"Debit",0
"T00256","A0219",4968.33,"In-Store",2024-12-09 21:39:07,NA,"Web",0,"Debit",1
"T00257","A0188",7670.82,"Online",2024-01-25 14:39:29,"Electronics","Mobile",0,"Credit",1
"T00258","A0019",8848.65,"Online",2024-10-16 16:13:04,"Others","Mobile",1,"Credit",1
"T00259","A0308",3797.91,"In-Store",2024-02-16 13:24:32,NA,"Web",2,"Debit",0
"T00260","A0442",8469.29,"In-Store",2024-12-19 13:58:42,NA,"POS",1,"Credit",1
"T00261","A0341",1425.59,"In-Store",2024-03-19 23:59:42,"Groceries","Web",0,"Debit",1
"T00262","A0130",2267.42,"In-Store",2024-01-22 01:58:20,"Clothing","POS",0,"Credit",1
"T00263",NA,6172.22,"Online",2024-07-31 06:27:21,"Electronics","POS",0,"Credit",1
"T00264","A0314",889.06,"Online",2024-08-10 23:35:15,"Electronics","Mobile",1,"Debit",1
"T00265","A0189",874.7,"In-Store",2024-04-23 01:51:14,NA,"POS",3,"Debit",0
"T00266",NA,5209.32,"Online",2024-06-14 23:33:28,"Electronics","Web",1,"Debit",1
"T00267","A0060",2320.39,"Online",2024-04-20 08:34:51,NA,"Mobile",0,"Credit",0
"T00268",NA,1742.85,"In-Store",2024-05-30 05:38:47,NA,"Web",1,"Credit",0
"T00269","A0199",7756.18,"Online",2024-07-12 17:36:17,NA,"Web",0,"Debit",1
"T00270","A0436",2033.87,"In-Store",2024-07-17 09:20:41,"Others","Mobile",0,"Credit",0
"T00271","A0329",2171.86,"Online",2024-08-01 09:03:07,NA,"Web",0,"Credit",0
"T00272",NA,4297.78,"Online",2024-09-10 00:32:43,NA,"Mobile",0,"Credit",1
"T00273","A0099",6760.9,"In-Store",2024-01-23 20:40:33,"Entertainment","POS",0,"Credit",1
"T00274","A0018",9525.36,"Online",2024-04-20 13:34:17,NA,"Web",0,"Credit",1
"T00275","A0430",5440.95,"In-Store",2024-05-14 15:00:50,NA,"Mobile",1,"Debit",1
"T00276","A0416",2934.92,"In-Store",2024-07-28 20:50:33,"Groceries","Web",0,"Credit",1
"T00277","A0209",3163.71,"Online",2024-02-04 05:17:42,NA,"Mobile",0,"Debit",1
"T00278","A0066",7734.65,"In-Store",2024-08-29 23:21:26,NA,"Web",0,"Debit",1
"T00279","A0412",2726.36,"In-Store",2024-05-14 23:12:06,"Entertainment","Mobile",0,"Debit",1
"T00280","A0099",6755.29,"Online",2024-03-15 15:42:01,"Groceries","Mobile",0,"Debit",1
"T00281","A0286",1096.33,"Online",2024-06-07 02:11:33,"Clothing","Web",3,"Credit",1
"T00282",NA,3966.18,"Online",2024-07-09 20:25:44,NA,"POS",0,"Credit",1
"T00283","A0150",9820.36,"Online",2024-10-24 23:28:55,NA,"Mobile",4,"Credit",0
"T00284","A0407",9590.54,"Online",2024-05-02 13:56:11,NA,"Mobile",0,"Debit",0
"T00285","A0494",3517.4,"In-Store",2024-12-25 05:10:17,"Entertainment","Mobile",1,"Debit",0
"T00286","A0329",1404.11,"In-Store",2024-11-16 10:00:29,NA,"Mobile",0,"Debit",0
"T00287","A0043",6581.68,"Online",2024-05-18 08:52:55,NA,"Mobile",0,"Debit",0
"T00288","A0334",7762.2,"In-Store",2024-11-18 08:24:05,"Electronics","Mobile",0,"Credit",0
"T00289",NA,9365.7,"Online",2024-01-21 06:17:03,"Others","POS",0,"Debit",1
"T00290","A0151",8543.81,"Online",2024-01-11 19:42:15,"Groceries","Web",0,"Credit",1
"T00291","A0324",3124.57,"Online",2024-06-08 15:13:57,NA,"Mobile",0,"Credit",0
"T00292","A0112",1989.11,"Online",2024-03-16 13:18:55,NA,"Web",0,"Credit",0
"T00293","A0198",422.96,"Online",2024-10-03 04:30:08,"Groceries","Mobile",1,"Debit",0
"T00294","A0302",1073.3,"Online",2024-02-20 02:56:21,NA,"Web",1,"Credit",1
"T00295",NA,8818.01,"Online",2024-07-27 09:39:14,"Electronics","POS",0,"Debit",1
"T00296","A0176",8530.6,"Online",2024-07-06 15:16:43,"Groceries","Mobile",2,"Credit",1
"T00297",NA,6719.47,"Online",2024-05-29 11:03:57,NA,"Web",0,"Debit",1
"T00298","A0184",2536.39,"Online",2024-08-10 10:54:59,NA,"Mobile",0,"Credit",0
"T00299","A0260",8798.41,"Online",2024-04-28 15:45:31,"Electronics","Mobile",0,"Debit",1
"T00300","A0213",1234.94,"Online",2024-03-18 11:09:27,NA,"Web",0,"Debit",0
"T00301","A0393",9290.05,"Online",2024-04-13 01:02:44,"Others","Web",1,"Debit",1
"T00302",NA,910.85,"In-Store",2024-04-16 18:33:06,NA,"POS",0,"Debit",0
"T00303","A0097",9161.92,"In-Store",2024-02-01 03:04:38,"Others","Web",0,"Credit",1
"T00304","A0181",3413.2,"Online",2024-11-22 18:36:01,NA,"POS",0,"Debit",0
"T00305","A0149",3888.89,"Online",2024-07-26 06:22:06,"Groceries","Mobile",0,"Debit",1
"T00306","A0098",8059.67,"Online",2024-01-07 16:27:15,NA,"Mobile",0,"Debit",1
"T00307","A0231",9201.53,"Online",2024-01-23 14:48:08,NA,"Web",1,"Debit",1
"T00308","A0019",7753.84,"In-Store",2024-07-27 12:59:24,NA,"Web",1,"Credit",0
"T00309","A0468",8436.22,"Online",2024-01-28 21:36:08,NA,"Web",0,"Debit",1
"T00310","A0460",4636.91,"In-Store",2024-03-12 23:49:36,"Entertainment","Mobile",0,"Credit",1
"T00311",NA,830.82,"In-Store",2024-10-24 09:43:00,"Clothing","Mobile",0,"Debit",0
"T00312","A0144",94.65,"Online",2024-01-16 23:33:00,NA,"Mobile",0,"Credit",0
"T00313",NA,9210.47,"Online",2024-09-18 11:29:11,"Others","Web",4,"Credit",1
"T00314","A0405",3991.07,"Online",2024-01-06 01:38:34,"Groceries","POS",2,"Debit",1
"T00315","A0383",7337.71,"Online",2024-10-30 03:16:26,"Entertainment","Web",0,"Credit",1
"T00316","A0132",7915.08,"Online",2024-04-08 12:48:37,"Clothing","Mobile",1,"Debit",0
"T00317","A0018",6751.55,"In-Store",2024-04-11 11:29:43,"Others","POS",0,"Debit",0
"T00318",NA,938.52,"In-Store",2024-09-11 07:18:44,"Groceries","Web",2,"Credit",0
"T00319","A0078",8588.61,"Online",2024-10-07 19:54:29,"Groceries","Web",0,"Credit",1
"T00320",NA,7103.03,"In-Store",2024-12-29 08:44:13,"Groceries","Mobile",0,"Debit",1
"T00321","A0459",9804.85,"In-Store",2024-01-21 12:25:25,NA,"Web",0,"Credit",0
"T00322","A0018",9661.4,"In-Store",2024-05-14 23:23:37,NA,"Web",0,"Debit",1
"T00323","A0226",7548.47,"Online",2024-11-01 01:52:20,"Groceries","Mobile",1,"Credit",1
"T00324","A0160",7623.71,"Online",2024-11-21 07:03:26,"Others","Mobile",0,"Credit",1
"T00325","A0179",5673.4,"In-Store",2024-05-27 00:44:46,NA,"Mobile",1,"Credit",1
"T00326",NA,3926.48,"Online",2024-10-20 18:54:05,NA,"Mobile",0,"Debit",0
"T00327","A0464",2536.33,"Online",2024-12-27 09:49:03,"Groceries","Mobile",2,"Credit",0
"T00328","A0004",222.23,"In-Store",2024-11-21 05:13:54,"Groceries","Web",0,"Credit",1
"T00329",NA,6828.58,"Online",2024-05-01 00:51:25,"Groceries","Web",0,"Credit",1
"T00330","A0001",7394.72,"Online",2024-02-18 05:10:03,"Electronics","POS",0,"Debit",1
"T00331",NA,7135.53,"Online",2024-01-30 21:34:26,NA,"Mobile",3,"Credit",1
"T00332","A0450",5224.58,"In-Store",2024-05-07 13:13:59,NA,"Web",0,"Credit",1
"T00333","A0437",8937.9,"In-Store",2024-03-13 21:10:11,"Electronics","Web",1,"Debit",1
"T00334",NA,5660.77,"Online",2024-01-29 21:08:06,NA,"POS",0,"Credit",1
"T00335",NA,5544.89,"Online",2024-10-06 19:00:02,NA,"Mobile",2,"Debit",1
"T00336","A0005",7396.11,"Online",2024-02-14 23:31:15,"Electronics","Web",2,"Credit",1
"T00337",NA,4595.27,"In-Store",2024-01-11 13:05:11,NA,"POS",0,"Debit",0
"T00338","A0386",7269.67,"Online",2024-11-06 13:18:04,NA,"Mobile",0,"Credit",1
"T00339","A0311",7107.89,"Online",2024-02-03 10:08:27,NA,"Web",1,"Credit",1
"T00340","A0386",2395.56,"Online",2024-06-15 03:07:33,"Clothing","Mobile",0,"Debit",1
"T00341","A0354",7669.19,"Online",2024-07-25 05:46:54,"Groceries","Mobile",0,"Debit",1
"T00342","A0125",1802.06,"Online",2024-02-21 16:51:14,NA,"POS",0,"Credit",0
"T00343","A0077",8662.18,"In-Store",2024-11-06 18:04:49,NA,"Mobile",3,"Debit",1
"T00344","A0104",8373.76,"In-Store",2024-07-21 06:24:13,"Groceries","Web",0,"Debit",1
"T00345","A0303",7430.03,"In-Store",2024-08-22 22:51:32,NA,"Web",1,"Debit",1
"T00346",NA,1459.13,"Online",2024-07-19 06:58:00,NA,"Mobile",0,"Debit",0
"T00347","A0297",599.58,"Online",2024-07-09 13:35:05,"Entertainment","Web",2,"Credit",0
"T00348",NA,1785.14,"Online",2024-07-04 21:56:02,"Groceries","Web",0,"Debit",1
"T00349","A0048",721.26,"Online",2024-04-25 19:42:55,NA,"Mobile",0,"Credit",0
"T00350","A0159",6697.27,"In-Store",2024-04-25 14:28:23,NA,"Web",0,"Debit",1
"T00351","A0380",3665.33,"In-Store",2024-08-23 18:39:42,NA,"Web",0,"Debit",1
"T00352",NA,3866.49,"Online",2024-03-04 11:07:38,"Others","Mobile",0,"Debit",1
"T00353","A0266",645.97,"Online",2024-12-26 01:25:48,"Electronics","Mobile",0,"Credit",1
"T00354","A0186",1125.51,"Online",2024-05-02 00:32:57,NA,"Web",0,"Debit",1
"T00355","A0479",6100.35,"In-Store",2024-01-09 03:57:18,NA,"POS",0,"Credit",1
"T00356","A0413",6465.1,"In-Store",2024-08-06 00:21:16,"Entertainment","Mobile",0,"Debit",1
"T00357","A0358",19.73,"In-Store",2024-04-20 03:19:10,NA,"Web",0,"Debit",0
"T00358","A0394",5122.43,"Online",2024-07-23 08:50:15,"Electronics","Mobile",0,"Credit",1
"T00359","A0336",4899.14,"Online",2024-01-25 08:28:22,NA,"Web",0,"Debit",0
"T00360","A0280",3570.99,"Online",2024-08-01 08:52:04,"Clothing","Web",0,"Debit",0
"T00361","A0487",6190.53,"Online",2024-05-13 23:15:48,NA,"Web",0,"Credit",1
"T00362","A0160",9257.9,"In-Store",2024-09-18 12:40:19,"Electronics","Mobile",0,"Debit",0
"T00363","A0079",7136.81,"In-Store",2024-08-17 00:00:44,"Others","Web",0,"Debit",1
"T00364","A0194",3322.4,"Online",2024-05-25 20:50:09,NA,"Mobile",0,"Credit",1
"T00365","A0423",5480.6,"In-Store",2024-08-23 03:56:08,"Groceries","POS",0,"Credit",1
"T00366",NA,6081.63,"Online",2024-01-16 20:42:11,"Entertainment","Web",0,"Credit",1
"T00367","A0014",3448.42,"Online",2024-01-28 16:33:21,NA,"Web",0,"Debit",0
"T00368",NA,6759.56,"In-Store",2024-09-19 09:46:17,"Electronics","Mobile",0,"Debit",1
"T00369",NA,9248.57,"In-Store",2024-04-13 02:15:43,"Others","Web",0,"Credit",1
"T00370","A0186",2059.86,"Online",2024-10-03 08:16:29,"Clothing","Web",0,"Debit",1
"T00371","A0008",1921.75,"Online",2024-07-07 20:42:35,NA,"Mobile",0,"Credit",1
"T00372","A0022",1303.71,"Online",2024-01-11 03:58:36,"Electronics","Web",0,"Credit",1
"T00373","A0161",8700.93,"Online",2024-01-16 11:33:16,NA,"Web",2,"Debit",0
"T00374","A0498",509.81,"In-Store",2024-12-14 12:13:51,"Groceries","Mobile",0,"Debit",0
"T00375","A0470",4978.21,"In-Store",2024-11-24 06:14:09,"Entertainment","Mobile",1,"Debit",1
"T00376","A0357",759.19,"In-Store",2024-10-13 21:21:37,"Clothing","Web",0,"Debit",0
"T00377","A0135",8490,"Online",2024-10-24 08:34:30,NA,"Web",0,"Debit",1
"T00378","A0244",1448.77,"In-Store",2024-04-21 23:38:50,"Electronics","Web",0,"Debit",1
"T00379","A0209",9389.08,"In-Store",2024-08-22 16:32:12,"Entertainment","Web",0,"Credit",1
"T00380","A0258",635.31,"In-Store",2024-10-21 04:18:33,NA,"Web",0,"Debit",1
"T00381","A0222",5086.25,"Online",2024-07-21 13:14:10,NA,"Web",0,"Credit",1
"T00382","A0333",832.01,"Online",2024-06-30 04:28:02,NA,"Web",0,"Credit",1
"T00383","A0363",9604.64,"In-Store",2024-09-14 12:40:00,NA,"Mobile",0,"Credit",1
"T00384",NA,5693.94,"In-Store",2024-06-29 22:15:56,"Electronics","Web",0,"Credit",1
"T00385",NA,9814.16,"Online",2024-01-02 17:54:25,"Clothing","Mobile",4,"Debit",1
"T00386","A0209",6520.19,"Online",2024-02-23 22:36:38,"Entertainment","Web",0,"Credit",1
"T00387","A0410",9377.06,"In-Store",2024-01-07 18:16:34,"Electronics","Mobile",0,"Credit",0
"T00388","A0394",9688.91,"In-Store",2024-01-07 10:51:22,"Others","Mobile",0,"Debit",1
"T00389","A0306",2384.2,"In-Store",2024-06-30 09:39:28,"Groceries","Web",0,"Debit",0
"T00390",NA,7684.35,"In-Store",2024-08-28 16:30:37,"Clothing","Web",1,"Debit",1
"T00391","A0164",7509.32,"In-Store",2024-02-08 11:34:28,NA,"POS",0,"Debit",0
"T00392",NA,5605.62,"Online",2024-02-03 21:58:48,"Electronics","Web",2,"Debit",1
"T00393","A0464",8287.5,"In-Store",2024-08-17 03:13:00,"Clothing","Web",0,"Credit",1
"T00394","A0009",2745.52,"In-Store",2024-04-25 06:04:41,"Clothing","Mobile",2,"Credit",1
"T00395","A0348",7308.15,"Online",2024-06-30 15:23:45,NA,"Web",0,"Debit",1
"T00396","A0342",8512.18,"Online",2024-07-07 12:26:24,"Clothing","Web",0,"Debit",1
"T00397","A0165",1847.01,"Online",2024-11-30 14:43:04,NA,"Mobile",0,"Credit",0
"T00398","A0175",3715.51,"Online",2024-10-25 01:27:43,NA,"Web",0,"Debit",1
"T00399",NA,9500.83,"Online",2024-01-26 10:29:56,NA,"Web",1,"Credit",1
"T00400","A0434",2815.28,"In-Store",2024-07-17 12:13:51,"Electronics","Mobile",0,"Debit",1
"T00401","A0247",4705.25,"Online",2024-09-06 13:34:32,"Entertainment","Web",3,"Debit",0
"T00402","A0344",8880.19,"Online",2024-10-10 16:53:54,NA,"Web",0,"Credit",1
"T00403",NA,4525.41,"Online",2024-01-02 01:26:35,NA,"Web",1,"Credit",1
"T00404","A0049",7063.21,"Online",2024-05-05 20:48:47,NA,"Web",0,"Credit",1
"T00405","A0032",5902.85,"Online",2024-10-26 04:15:09,NA,"Mobile",0,"Debit",1
"T00406","A0351",3375.38,"Online",2024-08-18 04:41:02,"Clothing","Web",1,"Credit",1
"T00407","A0201",9527.69,"In-Store",2024-07-30 06:03:48,"Groceries","Web",0,"Credit",0
"T00408","A0063",5529.48,"Online",2024-05-12 09:49:35,"Electronics","Web",0,"Debit",1
"T00409","A0474",4723.77,"Online",2024-08-07 10:45:24,NA,"Mobile",1,"Credit",0
"T00410","A0366",7570.1,"In-Store",2024-04-24 03:24:53,"Clothing","Mobile",1,"Credit",1
"T00411","A0323",9003.58,"Online",2024-03-02 09:49:44,NA,"Mobile",0,"Debit",1
"T00412","A0312",2097.86,"In-Store",2024-10-23 03:25:25,NA,"Web",0,"Credit",0
"T00413",NA,6213.92,"In-Store",2024-07-24 15:02:16,NA,"Web",1,"Credit",0
"T00414","A0330",1750.01,"Online",2024-04-14 19:59:57,"Clothing","Mobile",0,"Debit",0
"T00415",NA,7644.63,"Online",2024-04-18 10:20:34,"Entertainment","Mobile",0,"Debit",1
"T00416","A0318",7757.73,"Online",2024-10-03 11:21:10,NA,"Web",0,"Credit",1
"T00417","A0032",5088.07,"Online",2024-01-01 02:29:26,NA,"Web",0,"Debit",1
"T00418","A0259",8181.38,"In-Store",2024-07-19 14:12:40,"Electronics","Web",1,"Credit",0
"T00419","A0347",8162.86,"Online",2024-04-28 00:51:06,"Entertainment","POS",2,"Debit",1
"T00420","A0178",2945.29,"Online",2024-12-15 02:36:45,"Entertainment","Mobile",0,"Debit",1
"T00421","A0019",3362.01,"In-Store",2024-02-14 20:49:49,NA,"Mobile",0,"Credit",1
"T00422","A0351",7234.06,"In-Store",2024-04-17 20:15:08,NA,"Mobile",1,"Debit",1
"T00423","A0003",5225.36,"In-Store",2024-09-24 12:55:31,NA,"POS",1,"Debit",0
"T00424","A0316",5925.54,"Online",2024-02-16 06:06:02,NA,"Mobile",3,"Credit",0
"T00425",NA,4769.07,"Online",2024-06-18 03:23:37,"Others","Mobile",2,"Credit",1
"T00426","A0177",3293.29,"Online",2024-09-13 16:55:34,NA,"Mobile",0,"Credit",0
"T00427","A0340",6367.94,"Online",2024-08-18 12:43:05,NA,"Web",0,"Credit",1
"T00428","A0390",5243.74,"Online",2024-10-01 06:05:57,NA,"Mobile",1,"Credit",1
"T00429","A0267",3964.75,"In-Store",2024-04-10 15:30:08,"Clothing","Web",0,"Debit",1
"T00430",NA,9857.88,"In-Store",2024-09-28 22:21:37,NA,"Mobile",0,"Credit",1
"T00431","A0042",4408.41,"Online",2024-04-12 16:59:09,"Groceries","Web",0,"Debit",0
"T00432","A0024",3818.72,"In-Store",2024-06-02 00:16:50,NA,"Web",0,"Debit",1
"T00433","A0231",9688.22,"Online",2024-09-27 06:24:32,NA,"POS",0,"Debit",1
"T00434","A0266",8774.13,"In-Store",2024-02-17 16:16:56,"Others","POS",0,"Credit",1
"T00435","A0112",5282.35,"In-Store",2024-07-19 21:38:25,"Groceries","Mobile",0,"Credit",1
"T00436","A0469",8163.07,"In-Store",2024-02-29 23:14:19,"Groceries","Mobile",1,"Credit",1
"T00437","A0391",1092.94,"In-Store",2024-04-07 07:26:14,"Clothing","Web",0,"Credit",0
"T00438","A0145",5419.29,"In-Store",2024-01-16 13:15:50,"Electronics","POS",0,"Debit",0
"T00439","A0445",4131.46,"In-Store",2024-06-15 23:42:17,NA,"Web",0,"Debit",1
"T00440","A0166",9253.63,"Online",2024-02-10 11:09:23,NA,"Web",0,"Debit",1
"T00441","A0014",6470.7,"Online",2024-10-31 10:41:50,"Groceries","Mobile",0,"Debit",1
"T00442","A0131",588.9,"In-Store",2024-09-03 08:52:28,"Groceries","POS",0,"Credit",0
"T00443","A0093",6824.69,"Online",2024-06-20 10:13:57,"Groceries","Web",0,"Credit",0
"T00444","A0134",8783.41,"In-Store",2024-05-15 09:03:45,NA,"Web",2,"Credit",1
"T00445","A0139",6192.5,"Online",2024-12-28 09:07:26,NA,"Web",1,"Credit",1
"T00446","A0225",1684.96,"In-Store",2024-03-07 12:28:48,"Entertainment","Web",0,"Credit",0
"T00447","A0092",4675.33,"Online",2024-08-10 14:43:15,"Entertainment","Mobile",0,"Credit",0
"T00448","A0184",5460.71,"Online",2024-01-26 06:51:08,NA,"Mobile",0,"Credit",1
"T00449","A0350",5287.46,"In-Store",2024-07-25 07:37:38,"Electronics","Web",0,"Credit",1
"T00450","A0329",2321.37,"Online",2024-04-28 04:59:53,NA,"Mobile",0,"Debit",1
"T00451","A0453",7763.24,"In-Store",2024-07-11 09:19:20,"Clothing","POS",0,"Debit",0
"T00452","A0484",9593.9,"Online",2024-11-30 17:59:15,"Clothing","POS",1,"Credit",1
"T00453","A0103",3878.3,"In-Store",2024-07-01 12:31:03,"Others","Mobile",1,"Debit",0
"T00454",NA,5933.82,"Online",2024-08-01 21:33:12,NA,"Mobile",0,"Debit",1
"T00455","A0268",8596.3,"Online",2024-03-03 01:08:42,"Clothing","POS",0,"Credit",1
"T00456","A0190",5804.61,"Online",2024-09-22 06:55:00,"Electronics","Mobile",0,"Credit",1
"T00457","A0095",1715.97,"In-Store",2024-05-09 15:09:45,"Electronics","Mobile",0,"Debit",0
"T00458","A0143",4507.06,"In-Store",2024-09-15 11:14:59,NA,"Mobile",1,"Debit",0
"T00459","A0213",7271.08,"Online",2024-06-16 12:06:45,"Electronics","Web",0,"Debit",0
"T00460","A0242",3942.04,"Online",2024-03-04 09:31:35,"Electronics","Mobile",0,"Credit",1
"T00461","A0438",9560.17,"Online",2024-01-14 17:02:09,"Clothing","Mobile",1,"Credit",1
"T00462",NA,9384.27,"Online",2024-08-03 11:54:54,NA,"Web",3,"Debit",1
"T00463","A0288",3104.78,"In-Store",2024-12-21 08:02:58,"Entertainment","Mobile",0,"Credit",0
"T00464",NA,5906.97,"Online",2024-08-23 14:44:49,NA,"Web",0,"Credit",1
"T00465","A0184",4061.21,"Online",2024-06-01 17:07:15,"Entertainment","Mobile",2,"Credit",0
"T00466","A0471",6146.29,"In-Store",2024-12-12 10:03:00,NA,"Mobile",0,"Debit",0
"T00467","A0223",754.86,"Online",2024-08-05 20:48:08,NA,"Mobile",0,"Debit",1
"T00468",NA,2320.15,"Online",2024-02-01 18:54:55,NA,"POS",1,"Credit",1
"T00469","A0187",7840.96,"Online",2024-11-10 03:40:33,"Entertainment","Mobile",1,"Credit",1
"T00470",NA,9551.39,"In-Store",2024-11-27 15:26:19,NA,"Web",0,"Credit",1
"T00471","A0387",3718.95,"In-Store",2024-02-03 10:15:16,NA,"Web",1,"Debit",0
"T00472","A0289",3924.66,"Online",2024-04-12 17:42:10,"Electronics","Web",50,"Debit",1
"T00473","A0211",7759.64,"In-Store",2024-01-23 05:55:36,NA,"Web",0,"Credit",0
"T00474","A0260",5047.27,"Online",2024-12-13 04:04:37,NA,"Mobile",0,"Debit",0
"T00475","A0412",2163.04,"Online",2024-12-14 04:18:42,NA,"POS",0,"Credit",1
"T00476","A0193",9283.03,"In-Store",2024-07-20 23:59:28,"Clothing","Mobile",0,"Debit",1
"T00477","A0476",2106.2,"Online",2024-06-05 18:20:38,NA,"Mobile",0,"Credit",1
"T00478","A0210",5166.38,"In-Store",2024-06-12 06:17:24,"Electronics","Mobile",0,"Debit",1
"T00479","A0231",1834.02,"In-Store",2024-06-20 12:05:12,"Clothing","Web",0,"Debit",0
"T00480","A0392",8917.92,"Online",2024-07-05 03:17:25,NA,"Web",0,"Debit",1
"T00481","A0075",5840.26,"In-Store",2024-03-19 17:55:43,"Groceries","Mobile",0,"Credit",1
"T00482","A0488",751.62,"Online",2024-10-03 22:55:04,NA,"POS",0,"Debit",0
"T00483","A0172",7849.5,"In-Store",2024-03-01 19:49:00,NA,"Web",1,"Credit",1
"T00484","A0024",7000.74,"Online",2024-10-09 14:48:52,"Groceries","Web",0,"Debit",0
"T00485","A0143",3101.97,"Online",2024-07-21 03:19:57,NA,"Web",0,"Credit",1
"T00486","A0475",3748.32,"Online",2024-05-28 12:03:02,"Entertainment","POS",2,"Debit",1
"T00487",NA,5253.9,"Online",2024-03-17 22:27:21,NA,"Web",0,"Credit",1
"T00488",NA,9388.37,"In-Store",2024-09-11 18:30:36,"Others","Mobile",0,"Credit",1
"T00489","A0214",973.77,"In-Store",2024-07-04 16:26:16,NA,"Mobile",0,"Credit",0
"T00490","A0394",5277.21,"In-Store",2024-10-11 21:12:37,"Clothing","Mobile",0,"Credit",1
"T00491",NA,7079.06,"In-Store",2024-11-28 03:20:14,NA,"Mobile",0,"Credit",1
"T00492","A0450",1704.56,"Online",2024-04-24 13:05:01,NA,"Mobile",1,"Debit",0
"T00493",NA,1013.91,"In-Store",2024-10-26 08:35:03,NA,"Web",0,"Credit",1
"T00494","A0216",955.13,"In-Store",2024-04-09 08:51:29,NA,"Mobile",0,"Debit",0
"T00495","A0375",3455.58,"Online",2024-01-27 12:39:48,"Groceries","POS",1,"Credit",0
"T00496","A0383",1523.12,"In-Store",2024-07-31 12:05:42,"Others","Mobile",0,"Debit",0
"T00497","A0349",8103.83,"Online",2024-12-11 17:47:45,NA,"Web",2,"Debit",1
"T00498","A0090",2115.28,"In-Store",2024-08-29 20:14:54,NA,"Web",3,"Credit",0
"T00499",NA,9700.28,"Online",2024-09-12 14:08:58,NA,"Web",0,"Credit",1
"T00500","A0155",7623.34,"Online",2024-07-21 12:41:24,NA,"Web",0,"Debit",1
"T00501","A0383",5015.32,"In-Store",2024-04-15 12:43:04,NA,"Web",0,"Debit",0
"T00502","A0135",342.39,"Online",2024-08-21 12:26:47,"Clothing","Web",3,"Debit",0
"T00503","A0345",8765.81,"Online",2024-12-08 06:43:09,NA,"Mobile",1,"Debit",1
"T00504","A0476",9100.49,"Online",2024-07-10 19:17:35,NA,"Mobile",0,"Credit",1
"T00505","A0080",3194.7,"Online",2024-05-01 20:04:06,NA,"Web",0,"Credit",1
"T00506","A0027",6054.43,"Online",2024-06-11 05:29:51,"Entertainment","Mobile",1,"Credit",1
"T00507","A0406",8797.33,"Online",2024-03-17 02:41:35,"Entertainment","Mobile",0,"Debit",1
"T00508","A0068",7524.26,"In-Store",2024-04-16 00:09:47,NA,"Web",0,"Credit",1
"T00509","A0454",5717.09,"In-Store",2024-09-12 17:06:44,"Electronics","Mobile",1,"Credit",0
"T00510","A0393",3820.27,"Online",2024-01-15 07:45:31,"Groceries","Mobile",0,"Debit",0
"T00511","A0340",9019.43,"Online",2024-08-15 04:48:34,NA,"Web",0,"Debit",1
"T00512",NA,4314.1,"In-Store",2024-01-19 06:12:58,"Groceries","Web",0,"Debit",0
"T00513","A0132",2531.24,"In-Store",2024-12-02 17:05:54,NA,"Mobile",0,"Debit",0
"T00514","A0314",8458.11,"Online",2024-04-11 09:14:42,"Entertainment","Mobile",0,"Credit",1
"T00515","A0146",2803.91,"In-Store",2024-04-25 07:54:44,"Clothing","Web",3,"Debit",0
"T00516","A0029",3094.33,"Online",2024-06-01 13:56:32,"Clothing","POS",4,"Debit",0
"T00517","A0126",9121.45,"In-Store",2024-11-29 05:09:15,NA,"POS",2,"Debit",1
"T00518","A0295",8150.61,"Online",2024-04-26 19:28:23,NA,"Mobile",0,"Debit",1
"T00519","A0470",5030.32,"Online",2024-09-27 03:32:15,NA,"Web",0,"Debit",1
"T00520","A0057",7253.81,"Online",2024-10-02 06:43:06,"Groceries","Mobile",0,"Credit",1
"T00521","A0040",2884.68,"Online",2024-01-17 12:13:06,"Groceries","Mobile",0,"Debit",0
"T00522","A0233",609.84,"Online",2024-11-23 17:21:12,NA,"Web",0,"Debit",0
"T00523","A0284",8745,"Online",2024-09-15 22:07:15,"Entertainment","Mobile",0,"Debit",1
"T00524","A0232",3763.73,"In-Store",2024-04-22 07:31:51,"Clothing","Mobile",0,"Credit",1
"T00525","A0321",9326.86,"In-Store",2024-03-17 00:29:25,"Others","Mobile",4,"Debit",1
"T00526","A0038",3817.46,"In-Store",2024-02-20 23:48:56,NA,"Web",0,"Credit",0
"T00527","A0473",4389.71,"Online",2024-09-20 05:41:50,NA,"Web",0,"Debit",1
"T00528","A0050",8951.61,"Online",2024-09-07 11:28:23,NA,"Web",0,"Credit",1
"T00529","A0485",3426.53,"Online",2024-09-16 04:26:34,"Clothing","Web",0,"Credit",1
"T00530","A0054",7526.64,"Online",2024-03-06 11:26:50,"Entertainment","Mobile",0,"Credit",0
"T00531","A0384",314.13,"Online",2024-06-12 10:46:56,NA,"Mobile",0,"Debit",0
"T00532","A0399",8616.48,"Online",2024-10-19 03:43:50,NA,"Mobile",0,"Credit",1
"T00533","A0436",1409.9,"Online",2024-08-30 10:47:55,NA,"Mobile",0,"Debit",0
"T00534","A0034",2260.01,"Online",2024-01-14 01:29:10,"Clothing","Mobile",0,"Debit",1
"T00535","A0100",6939.38,"In-Store",2024-09-26 11:56:09,"Groceries","Mobile",0,"Credit",1
"T00536","A0446",4791.95,"Online",2024-07-05 22:26:29,NA,"Mobile",0,"Debit",1
"T00537","A0351",7388.5,"In-Store",2024-07-21 07:44:38,NA,"Web",0,"Credit",1
"T00538","A0096",2389.26,"In-Store",2024-09-02 21:42:31,"Entertainment","Web",1,"Credit",1
"T00539","A0340",5032.67,"Online",2024-04-30 20:12:59,"Groceries","POS",0,"Credit",0
"T00540","A0129",6230.76,"Online",2024-10-22 11:10:44,"Clothing","Mobile",3,"Debit",0
"T00541",NA,531.27,"In-Store",2024-10-19 06:46:54,"Clothing","Web",0,"Credit",0
"T00542","A0208",4976.56,"Online",2024-07-17 16:07:41,NA,"Mobile",0,"Debit",0
"T00543",NA,8538.9,"Online",2024-06-12 19:38:04,NA,"Web",0,"Debit",0
"T00544","A0269",6579.98,"In-Store",2024-06-11 19:46:59,NA,"Mobile",0,"Credit",1
"T00545",NA,3639.77,"Online",2024-01-11 22:39:09,"Clothing","Web",0,"Debit",1
"T00546","A0490",8593.14,"In-Store",2024-12-10 03:07:30,"Electronics","Mobile",1,"Debit",1
"T00547","A0288",449.83,"In-Store",2024-04-06 21:46:17,"Entertainment","Web",0,"Credit",0
"T00548","A0458",721.99,"Online",2024-08-24 10:51:55,"Groceries","Mobile",0,"Credit",0
"T00549",NA,7674.1,"In-Store",2024-02-03 04:27:48,NA,"Mobile",2,"Debit",1
"T00550","A0395",8499.23,"Online",2024-01-28 04:40:38,"Groceries","Mobile",0,"Debit",1
"T00551","A0348",2613.89,"Online",2024-01-06 07:48:40,"Electronics","Web",0,"Credit",0
"T00552","A0439",298.08,"In-Store",2024-02-17 22:32:24,"Groceries","Web",0,"Debit",0
"T00553","A0129",8918.78,"Online",2024-05-26 21:27:04,"Electronics","Mobile",0,"Debit",1
"T00554","A0278",4070.49,"Online",2024-09-10 15:33:15,NA,"Web",0,"Debit",1
"T00555",NA,1701.93,"Online",2024-06-24 05:05:04,"Others","POS",0,"Debit",1
"T00556",NA,8116.74,"Online",2024-07-22 11:07:39,NA,"Web",1,"Credit",1
"T00557","A0282",7562.73,"Online",2024-11-04 09:03:50,"Clothing","Mobile",0,"Credit",1
"T00558","A0323",1861.25,"In-Store",2024-03-22 11:08:05,"Entertainment","Mobile",0,"Debit",1
"T00559","A0161",656.19,"Online",2024-07-01 14:22:54,NA,"Mobile",0,"Debit",0
"T00560","A0104",1798.86,"Online",2024-01-02 05:43:15,"Entertainment","Web",0,"Debit",1
"T00561",NA,6158.74,"In-Store",2024-12-24 20:59:18,NA,"Web",0,"Credit",1
"T00562",NA,3801.22,"In-Store",2024-03-15 13:25:29,NA,"Mobile",2,"Debit",0
"T00563","A0089",7739.93,"Online",2024-12-11 20:14:10,"Electronics","Mobile",0,"Debit",0
"T00564","A0092",9983.66,"Online",2024-09-19 09:01:35,NA,"Mobile",1,"Credit",1
"T00565","A0103",7960.8,"Online",2024-10-31 02:51:16,NA,"Mobile",0,"Debit",1
"T00566","A0205",6997.18,"Online",2024-09-26 09:47:32,NA,"Web",0,"Credit",1
"T00567","A0053",6794.67,"In-Store",2024-03-12 22:33:33,"Groceries","Mobile",0,"Credit",1
"T00568","A0392",7469.74,"In-Store",2024-07-19 18:23:26,"Entertainment","Mobile",0,"Debit",1
"T00569",NA,4798.45,"Online",2024-09-12 13:46:16,"Groceries","Mobile",0,"Credit",1
"T00570","A0125",6621.04,"Online",2024-06-11 19:48:32,"Groceries","Mobile",2,"Debit",1
"T00571","A0400",9541.4,"Online",2024-01-31 06:08:51,"Groceries","Mobile",40,"Credit",1
"T00572","A0176",7718.15,"In-Store",2024-11-13 11:59:28,NA,"Mobile",0,"Credit",0
"T00573",NA,7376.19,"Online",2024-10-19 07:52:48,NA,"Web",0,"Credit",1
"T00574","A0431",1881.12,"Online",2024-10-13 13:08:12,"Others","Web",0,"Debit",1
"T00575","A0017",5861.85,"In-Store",2024-02-23 09:09:46,"Entertainment","Mobile",0,"Debit",0
"T00576","A0453",5165.36,"In-Store",2024-03-07 18:01:25,"Groceries","Web",0,"Debit",1
"T00577","A0301",5616.11,"In-Store",2024-07-07 02:28:09,"Groceries","Web",0,"Credit",1
"T00578","A0284",533.07,"In-Store",2024-03-22 12:50:37,NA,"Web",0,"Credit",0
"T00579","A0303",4182.44,"In-Store",2024-05-23 15:52:29,"Groceries","Web",0,"Debit",0
"T00580","A0042",1016.7,"Online",2024-03-07 05:32:01,"Clothing","Mobile",1,"Credit",0
"T00581","A0146",2961.19,"Online",2024-07-11 13:49:09,"Electronics","Mobile",1,"Debit",0
"T00582","A0264",7148.87,"In-Store",2024-04-22 04:56:41,"Entertainment","Mobile",0,"Debit",1
"T00583","A0256",3496.17,"In-Store",2024-08-04 05:18:03,NA,"Web",2,"Credit",1
"T00584","A0444",1534.06,"Online",2024-02-21 11:57:31,"Groceries","Mobile",1,"Credit",0
"T00585","A0099",9813.04,"Online",2024-11-15 21:54:40,"Entertainment","Mobile",0,"Debit",1
"T00586","A0188",6690.23,"In-Store",2024-07-10 04:55:52,"Clothing","Web",0,"Debit",1
"T00587","A0189",4264.43,"Online",2024-10-31 17:58:47,NA,"Web",50,"Debit",1
"T00588",NA,464.1,"Online",2024-03-01 00:40:55,"Groceries","Web",0,"Debit",1
"T00589","A0379",8137.26,"Online",2024-03-03 01:20:48,"Entertainment","Mobile",0,"Credit",1
"T00590","A0124",1654.89,"Online",2024-06-23 16:52:08,NA,"Web",0,"Debit",0
"T00591",NA,5562.96,"Online",2024-12-30 01:29:22,"Groceries","Mobile",1,"Credit",1
"T00592","A0352",390.51,"In-Store",2024-08-09 11:46:41,NA,"Mobile",0,"Debit",0
"T00593","A0238",6099.84,"In-Store",2024-06-05 23:44:32,"Entertainment","Mobile",2,"Credit",1
"T00594","A0437",2585.54,"Online",2024-02-18 17:57:00,NA,"Mobile",2,"Credit",0
"T00595","A0182",3412.87,"In-Store",2024-08-04 15:36:14,NA,"Web",3,"Credit",0
"T00596","A0298",109.47,"Online",2024-05-14 09:50:50,NA,"Mobile",0,"Credit",0
"T00597",NA,8295.08,"Online",2024-08-17 15:11:29,"Groceries","Web",0,"Debit",1
"T00598","A0329",3880.23,"In-Store",2024-06-23 16:18:00,"Others","POS",0,"Debit",0
"T00599","A0131",8344.55,"Online",2024-03-07 13:21:46,NA,"Web",0,"Credit",1
"T00600",NA,5748.71,"Online",2024-02-25 00:26:17,"Clothing","POS",0,"Debit",0
"T00601","A0460",7716.53,"In-Store",2024-06-14 19:36:38,NA,"Mobile",2,"Credit",1
"T00602","A0433",5893.12,"In-Store",2024-09-09 05:50:52,NA,"Mobile",0,"Credit",1
"T00603","A0301",3938.38,"Online",2024-04-02 01:27:01,"Electronics","Mobile",0,"Credit",1
"T00604","A0367",9101.24,"Online",2024-01-08 17:07:33,"Groceries","Mobile",0,"Debit",1
"T00605","A0223",7510.64,"In-Store",2024-08-11 21:43:50,NA,"Mobile",0,"Credit",1
"T00606",NA,3141.87,"In-Store",2024-05-10 03:39:42,NA,"Web",1,"Credit",1
"T00607","A0469",6299.5,"Online",2024-11-20 20:49:52,NA,"Mobile",0,"Credit",1
"T00608","A0260",4654.09,"Online",2024-02-18 00:46:12,"Groceries","Mobile",1,"Debit",1
"T00609",NA,9402.92,"In-Store",2024-11-08 18:54:20,NA,"Web",0,"Debit",1
"T00610",NA,1408.28,"In-Store",2024-06-01 06:34:40,"Groceries","Mobile",2,"Credit",0
"T00611","A0050",7027.7,"Online",2024-07-13 22:11:11,NA,"POS",0,"Credit",1
"T00612","A0256",2386.24,"Online",2024-05-30 22:29:33,NA,"Mobile",0,"Debit",1
"T00613","A0029",8241.67,"Online",2024-12-10 01:46:57,"Clothing","Web",1,"Credit",1
"T00614",NA,5824.28,"In-Store",2024-09-14 23:15:19,NA,"Web",0,"Credit",0
"T00615","A0257",9817.31,"In-Store",2024-09-12 13:18:50,"Entertainment","Mobile",0,"Debit",1
"T00616",NA,1419.92,"Online",2024-02-20 13:22:03,NA,"Mobile",1,"Debit",0
"T00617","A0287",5796.27,"In-Store",2024-10-28 13:04:58,"Electronics","Mobile",3,"Credit",0
"T00618","A0357",6194.28,"Online",2024-06-20 06:39:34,"Others","Web",0,"Debit",1
"T00619","A0318",5966.49,"In-Store",2024-08-05 08:12:07,NA,"Web",0,"Debit",0
"T00620","A0368",681.21,"In-Store",2024-04-20 01:07:22,"Groceries","Mobile",0,"Debit",0
"T00621","A0439",1576.97,"In-Store",2024-12-13 06:34:39,"Groceries","Mobile",0,"Debit",0
"T00622","A0256",3221.87,"In-Store",2024-04-03 11:54:49,"Groceries","Web",40,"Credit",0
"T00623","A0061",6355.24,"Online",2024-09-10 10:32:08,"Electronics","Mobile",0,"Debit",0
"T00624","A0045",226.81,"In-Store",2024-02-01 10:44:35,"Entertainment","Web",50,"Credit",0
"T00625","A0274",1848.48,"Online",2024-07-20 07:45:42,NA,"Web",0,"Credit",0
"T00626","A0087",3321.47,"Online",2024-05-12 09:24:20,"Electronics","Web",0,"Credit",1
"T00627","A0249",335.87,"Online",2024-06-23 08:03:46,"Entertainment","POS",0,"Debit",0
"T00628","A0252",6836.48,"Online",2024-02-18 03:59:35,NA,"POS",0,"Debit",1
"T00629","A0392",5814.13,"In-Store",2024-09-07 05:25:03,NA,"POS",0,"Debit",0
"T00630","A0451",511.55,"In-Store",2024-03-23 13:14:59,"Electronics","Web",0,"Credit",0
"T00631","A0136",4964.01,"In-Store",2024-06-26 05:05:52,NA,"Web",0,"Debit",1
"T00632","A0417",1307.48,"Online",2024-07-01 02:01:53,"Groceries","Web",2,"Credit",0
"T00633","A0252",3331.08,"Online",2024-08-30 05:38:09,NA,"Web",3,"Credit",0
"T00634",NA,7223.09,"In-Store",2024-07-22 21:21:30,"Groceries","Mobile",0,"Credit",1
"T00635",NA,9601.82,"Online",2024-06-26 20:11:32,"Entertainment","Mobile",3,"Debit",1
"T00636","A0189",6536.6,"In-Store",2024-06-05 12:52:38,"Electronics","Mobile",0,"Debit",1
"T00637","A0027",6545.66,"Online",2024-04-18 18:22:10,NA,"Web",0,"Debit",1
"T00638","A0116",5547.34,"Online",2024-08-24 05:24:02,NA,"Mobile",2,"Credit",1
"T00639","A0396",3619.9,"In-Store",2024-05-27 10:53:12,NA,"Web",1,"Debit",0
"T00640",NA,5376.92,"Online",2024-02-21 02:32:17,"Others","Web",4,"Debit",1
"T00641","A0487",5490.05,"Online",2024-05-18 22:03:34,"Groceries","Mobile",0,"Debit",1
"T00642","A0345",2826.75,"In-Store",2024-04-16 11:39:32,NA,"Mobile",0,"Debit",0
"T00643","A0220",2466.97,"Online",2024-03-03 07:56:59,NA,"Web",2,"Debit",0
"T00644","A0240",8014.98,"Online",2024-07-23 13:47:26,"Groceries","Web",2,"Debit",1
"T00645","A0230",9378.33,"Online",2024-12-25 04:21:58,"Entertainment","Mobile",0,"Credit",1
"T00646","A0375",3904.17,"Online",2024-12-14 06:12:58,NA,"Mobile",2,"Debit",1
"T00647","A0370",4026.65,"Online",2024-05-29 07:47:27,"Others","Mobile",0,"Debit",1
"T00648","A0382",4117.09,"Online",2024-05-13 11:52:03,NA,"Mobile",0,"Debit",0
"T00649","A0494",5714.85,"In-Store",2024-02-05 03:43:13,NA,"Mobile",0,"Credit",1
"T00650",NA,6684.57,"Online",2024-11-21 12:14:57,NA,"Web",1,"Credit",1
"T00651","A0374",7261.82,"In-Store",2024-08-22 08:24:03,NA,"Web",4,"Debit",0
"T00652","A0029",6019.43,"Online",2024-01-08 09:18:54,"Groceries","Web",0,"Credit",1
"T00653","A0107",7936.15,"Online",2024-12-16 13:39:32,"Electronics","Mobile",0,"Credit",0
"T00654","A0365",6654.67,"In-Store",2024-07-22 13:36:24,NA,"Mobile",0,"Credit",1
"T00655",NA,2900.28,"In-Store",2024-12-12 14:36:08,NA,"Web",2,"Debit",0
"T00656",NA,6846.9,"In-Store",2024-11-18 03:58:07,"Clothing","Mobile",1,"Debit",1
"T00657","A0133",7796.08,"Online",2024-10-23 23:08:50,"Electronics","Mobile",0,"Credit",1
"T00658","A0221",8075.01,"In-Store",2024-11-30 17:14:05,NA,"POS",0,"Debit",1
"T00659","A0280",658.59,"Online",2024-05-20 21:27:17,NA,"Mobile",1,"Debit",1
"T00660","A0450",4872.63,"In-Store",2024-05-06 19:36:04,NA,"Web",0,"Credit",1
"T00661","A0014",1638.68,"Online",2024-07-17 12:47:00,"Electronics","Mobile",0,"Debit",1
"T00662","A0235",1955.12,"Online",2024-09-23 18:11:13,"Entertainment","Mobile",50,"Credit",0
"T00663","A0156",8850.64,"In-Store",2024-11-10 13:24:08,NA,"Web",1,"Credit",1
"T00664","A0475",8162.68,"Online",2024-05-17 11:55:47,NA,"POS",0,"Debit",1
"T00665","A0204",5377.53,"Online",2024-06-21 17:42:30,NA,"POS",3,"Debit",1
"T00666","A0013",3014.07,"Online",2024-09-02 07:39:11,"Clothing","POS",0,"Credit",0
"T00667","A0206",706.89,"In-Store",2024-02-03 03:29:37,NA,"Mobile",0,"Debit",0
"T00668","A0384",9346.84,"In-Store",2024-09-24 14:41:29,"Electronics","Mobile",2,"Credit",1
"T00669","A0218",585.37,"In-Store",2024-08-05 16:30:00,NA,"Web",4,"Credit",0
"T00670","A0069",403.81,"In-Store",2024-10-08 14:20:16,NA,"POS",0,"Debit",0
"T00671","A0423",9744.58,"In-Store",2024-02-10 14:29:14,"Groceries","Mobile",1,"Credit",1
"T00672",NA,4127.43,"In-Store",2024-07-20 03:07:11,NA,"Mobile",2,"Credit",0
"T00673",NA,6160.19,"In-Store",2024-04-25 19:55:36,NA,"Mobile",0,"Debit",1
"T00674","A0009",8085.56,"In-Store",2024-04-21 14:14:31,NA,"Web",0,"Debit",0
"T00675","A0316",999.83,"In-Store",2024-10-14 15:23:05,NA,"POS",0,"Credit",0
"T00676",NA,3525.49,"In-Store",2024-09-19 14:00:13,"Groceries","Web",0,"Debit",0
"T00677",NA,2872.36,"Online",2024-08-12 13:58:26,NA,"Web",5,"Debit",0
"T00678",NA,1014.24,"Online",2024-11-29 12:59:57,"Entertainment","POS",0,"Debit",0
"T00679","A0229",6651.2,"Online",2024-09-22 07:33:07,"Groceries","Mobile",0,"Debit",0
"T00680","A0437",873.78,"Online",2024-03-12 00:48:13,"Entertainment","Mobile",2,"Credit",1
"T00681","A0366",626.46,"In-Store",2024-06-27 11:50:20,"Groceries","Mobile",0,"Debit",0
"T00682","A0224",7361.26,"Online",2024-08-06 10:09:13,"Entertainment","Mobile",0,"Credit",1
"T00683","A0343",9853.18,"Online",2024-07-21 17:12:40,NA,"Mobile",0,"Debit",1
"T00684","A0324",5689.27,"In-Store",2024-03-05 20:46:43,"Clothing","Mobile",0,"Credit",1
"T00685","A0290",9891.97,"Online",2024-09-29 08:48:26,NA,"Web",0,"Credit",1
"T00686","A0085",3827.65,"In-Store",2024-05-09 15:05:59,NA,"Web",0,"Debit",0
"T00687","A0081",6892.58,"Online",2024-07-21 01:41:13,"Groceries","Web",2,"Debit",1
"T00688",NA,7908.66,"In-Store",2024-07-01 11:44:50,NA,"POS",0,"Debit",1
"T00689","A0243",4574.11,"In-Store",2024-09-09 04:51:41,"Entertainment","Web",0,"Credit",0
"T00690","A0301",2275.95,"Online",2024-04-05 12:08:34,NA,"Web",0,"Credit",1
"T00691","A0351",4942.47,"Online",2024-08-19 01:58:14,"Clothing","Mobile",1,"Credit",1
"T00692","A0397",1790.73,"Online",2024-06-27 03:28:21,"Entertainment","Mobile",1,"Credit",1
"T00693","A0206",3356.7,"In-Store",2024-04-23 20:42:27,NA,"Web",4,"Debit",0
"T00694","A0470",6746.4,"Online",2024-07-23 01:04:03,"Clothing","POS",0,"Credit",1
"T00695",NA,9140.78,"In-Store",2024-12-27 12:39:27,"Others","Mobile",2,"Debit",1
"T00696","A0134",5742.15,"In-Store",2024-07-24 15:46:51,"Others","Web",0,"Debit",0
"T00697","A0363",3924.23,"Online",2024-08-07 06:13:21,"Groceries","Mobile",2,"Credit",1
"T00698","A0289",3816.32,"Online",2024-11-29 04:01:55,"Electronics","Mobile",2,"Debit",1
"T00699","A0248",3788.67,"In-Store",2024-12-09 22:00:26,"Electronics","Mobile",0,"Debit",1
"T00700",NA,4436.9,"Online",2024-07-11 09:48:51,NA,"Mobile",0,"Debit",1
"T00701",NA,5989.93,"Online",2024-06-08 04:41:32,NA,"Web",0,"Debit",1
"T00702","A0355",9178.02,"In-Store",2024-12-12 01:15:16,"Clothing","Web",0,"Debit",1
"T00703","A0014",5974.7,"Online",2024-10-17 05:54:12,NA,"Web",0,"Debit",1
"T00704","A0463",4254.29,"Online",2024-01-17 22:03:25,NA,"Web",1,"Credit",1
"T00705","A0267",9804.67,"In-Store",2024-11-01 13:34:12,NA,"Web",2,"Debit",1
"T00706","A0089",6176.93,"In-Store",2024-02-28 21:17:40,NA,"Mobile",0,"Credit",1
"T00707","A0259",1624.71,"In-Store",2024-03-22 08:42:21,NA,"POS",0,"Credit",0
"T00708","A0495",471.09,"In-Store",2024-07-04 06:44:51,NA,"Mobile",3,"Credit",0
"T00709","A0014",5543.12,"In-Store",2024-01-07 18:34:43,NA,"POS",2,"Credit",1
"T00710","A0318",1305.89,"In-Store",2024-04-24 07:45:08,"Electronics","Web",50,"Credit",1
"T00711","A0212",5256.56,"In-Store",2024-08-25 04:53:57,NA,"Web",0,"Credit",1
"T00712",NA,8494.24,"In-Store",2024-12-11 14:46:05,"Clothing","Mobile",2,"Debit",1
"T00713","A0073",6714.98,"In-Store",2024-05-24 09:30:41,"Electronics","Mobile",2,"Debit",1
"T00714","A0078",9278.92,"Online",2024-07-14 14:22:49,"Clothing","Mobile",0,"Debit",1
"T00715","A0271",2627.29,"Online",2024-11-21 01:37:59,"Electronics","Web",0,"Credit",1
"T00716","A0294",4404.09,"Online",2024-06-19 20:36:46,"Groceries","Web",0,"Debit",1
"T00717","A0088",2450.37,"In-Store",2024-06-01 05:06:26,NA,"Web",2,"Credit",1
"T00718","A0325",1695.18,"In-Store",2024-04-10 16:24:27,"Clothing","Mobile",2,"Credit",0
"T00719","A0396",6170.58,"Online",2024-03-04 18:29:26,"Groceries","POS",0,"Credit",0
"T00720","A0128",5709.9,"In-Store",2024-06-30 04:29:22,"Clothing","Mobile",0,"Debit",1
"T00721","A0018",2659.52,"In-Store",2024-01-05 16:49:15,NA,"Mobile",0,"Debit",1
"T00722","A0339",5458.09,"In-Store",2024-09-10 12:39:38,NA,"Web",1,"Debit",0
"T00723","A0094",4012.9,"Online",2024-01-24 23:51:05,"Clothing","Mobile",2,"Credit",1
"T00724","A0268",5670.83,"Online",2024-05-23 05:05:22,NA,"Mobile",50,"Debit",0
"T00725","A0428",6662.03,"In-Store",2024-06-05 16:39:53,NA,"Mobile",0,"Debit",0
"T00726","A0209",4520.88,"Online",2024-09-10 14:34:31,"Groceries","Mobile",50,"Credit",0
"T00727","A0350",904.86,"In-Store",2024-09-26 23:03:56,NA,"Web",0,"Credit",1
"T00728",NA,9568.06,"In-Store",2024-11-07 17:16:54,"Groceries","Web",0,"Debit",1
"T00729","A0088",5194.87,"Online",2024-05-01 13:03:59,NA,"Mobile",0,"Credit",0
"T00730","A0404",5618.85,"Online",2024-05-05 22:52:35,"Entertainment","Web",3,"Debit",1
"T00731","A0271",4640.88,"Online",2024-03-14 09:47:49,"Entertainment","Web",0,"Credit",1
"T00732","A0414",4924.64,"Online",2024-07-23 07:53:43,"Groceries","POS",0,"Credit",0
"T00733","A0059",1564.11,"In-Store",2024-11-08 16:58:10,"Clothing","POS",2,"Credit",0
"T00734","A0330",6510.12,"In-Store",2024-04-10 10:32:10,"Groceries","Web",0,"Credit",0
"T00735",NA,160.74,"In-Store",2024-05-10 11:21:46,NA,"Web",0,"Debit",0
"T00736","A0416",9834.35,"Online",2024-02-29 10:18:12,"Entertainment","Mobile",3,"Credit",1
"T00737","A0171",6939.3,"Online",2024-11-09 23:32:10,"Clothing","Web",0,"Credit",1
"T00738",NA,9245.92,"In-Store",2024-08-14 02:46:39,NA,"Mobile",0,"Debit",1
"T00739","A0283",5738.59,"Online",2024-08-25 10:36:08,"Entertainment","Mobile",0,"Debit",1
"T00740","A0106",4059.91,"In-Store",2024-04-24 19:09:47,NA,"Mobile",0,"Debit",1
"T00741",NA,5252.45,"Online",2024-07-02 01:02:52,"Groceries","Mobile",0,"Credit",1
"T00742","A0191",9789.97,"In-Store",2024-10-27 22:50:55,NA,"Mobile",0,"Credit",1
"T00743","A0211",9344.23,"Online",2024-12-09 02:08:31,"Clothing","Mobile",0,"Debit",1
"T00744","A0013",4328.22,"Online",2024-03-22 20:49:56,NA,"Mobile",0,"Debit",0
"T00745","A0190",7906.07,"Online",2024-05-16 03:34:31,"Groceries","Mobile",1,"Credit",1
"T00746","A0359",9285.41,"Online",2024-12-28 10:57:41,"Others","Mobile",0,"Credit",0
"T00747","A0123",1319.5,"Online",2024-07-02 03:59:59,"Entertainment","Mobile",0,"Debit",1
"T00748","A0068",6633.48,"Online",2024-04-05 16:33:33,"Clothing","Mobile",0,"Debit",1
"T00749","A0187",1502.41,"In-Store",2024-07-03 07:54:53,"Clothing","Mobile",0,"Debit",1
"T00750","A0196",3558.06,"Online",2024-12-05 01:25:50,"Clothing","Mobile",0,"Debit",1
"T00751","A0146",510.26,"Online",2024-05-17 01:44:26,"Electronics","Mobile",0,"Credit",1
"T00752","A0175",7290.78,"In-Store",2024-02-12 23:54:23,"Clothing","Web",0,"Credit",1
"T00753","A0429",6463.3,"Online",2024-01-05 12:12:43,"Electronics","Web",0,"Credit",1
"T00754","A0311",9122.23,"Online",2024-06-01 13:35:37,NA,"Mobile",2,"Credit",1
"T00755","A0323",8697.75,"In-Store",2024-01-21 09:19:13,NA,"Web",5,"Debit",0
"T00756","A0301",3580.09,"Online",2024-04-29 00:29:26,"Clothing","Mobile",5,"Credit",0
"T00757","A0443",2169.39,"Online",2024-07-31 20:03:46,NA,"Mobile",0,"Credit",1
"T00758","A0156",3630.55,"Online",2024-06-22 07:22:37,NA,"Mobile",0,"Debit",0
"T00759","A0154",4614.3,"Online",2024-07-25 17:49:43,"Clothing","Web",0,"Debit",1
"T00760","A0272",9282.05,"Online",2024-06-11 15:26:31,"Entertainment","Web",0,"Debit",1
"T00761","A0174",1147.02,"Online",2024-05-13 11:15:50,NA,"Web",0,"Debit",1
"T00762","A0270",935.38,"Online",2024-05-17 23:51:38,"Electronics","Web",2,"Credit",1
"T00763","A0348",3779.55,"Online",2024-09-16 22:32:14,NA,"Mobile",1,"Credit",1
"T00764",NA,9117.44,"Online",2024-08-22 22:16:03,"Clothing","Mobile",0,"Debit",1
"T00765","A0451",3618.03,"Online",2024-03-04 11:00:42,"Groceries","Mobile",0,"Credit",1
"T00766",NA,1270.46,"In-Store",2024-01-26 22:57:41,"Electronics","Web",0,"Debit",1
"T00767","A0397",4583.08,"Online",2024-10-17 01:13:21,"Groceries","Mobile",0,"Debit",1
"T00768","A0393",5409.83,"Online",2024-10-23 11:44:23,"Electronics","Web",0,"Debit",0
"T00769","A0195",8105,"Online",2024-05-07 20:16:08,"Clothing","Mobile",1,"Debit",1
"T00770","A0285",3138.44,"Online",2024-12-06 18:12:57,NA,"Mobile",20,"Credit",0
"T00771",NA,4413.66,"Online",2024-06-25 20:10:20,"Others","Mobile",1,"Credit",1
"T00772",NA,1836.51,"In-Store",2024-05-08 07:59:25,"Entertainment","Mobile",0,"Debit",0
"T00773","A0222",9492.16,"Online",2024-09-29 19:06:12,NA,"Mobile",0,"Credit",1
"T00774",NA,9336.34,"Online",2024-11-21 12:56:18,NA,"Mobile",0,"Debit",0
"T00775",NA,624.39,"Online",2024-01-08 21:04:36,NA,"Web",0,"Credit",0
"T00776",NA,5573.13,"Online",2024-10-31 13:46:55,NA,"Web",0,"Debit",0
"T00777","A0012",1714.43,"In-Store",2024-11-21 06:25:07,NA,"Mobile",1,"Credit",0
"T00778","A0216",8716.73,"Online",2024-12-09 05:50:25,NA,"Web",0,"Credit",1
"T00779","A0232",2924.79,"Online",2024-02-08 17:56:04,NA,"Web",1,"Debit",0
"T00780","A0153",2425.98,"Online",2024-10-20 10:58:38,"Others","Mobile",0,"Credit",0
"T00781","A0314",3411.51,"Online",2024-10-21 22:16:59,NA,"POS",0,"Debit",1
"T00782","A0054",6748.19,"In-Store",2024-08-24 18:11:25,NA,"Mobile",2,"Debit",1
"T00783","A0363",1827.34,"In-Store",2024-10-04 13:43:06,"Clothing","Web",0,"Debit",0
"T00784",NA,6372.48,"In-Store",2024-01-08 09:29:43,"Others","Web",0,"Debit",1
"T00785","A0206",2644.58,"Online",2024-05-23 03:45:14,"Electronics","Mobile",0,"Credit",1
"T00786","A0063",8085.4,"Online",2024-04-18 11:22:05,"Entertainment","Mobile",0,"Debit",0
"T00787","A0189",4913.51,"Online",2024-12-27 01:08:54,NA,"Mobile",2,"Credit",1
"T00788","A0065",1320.03,"In-Store",2024-09-30 20:49:36,"Entertainment","Web",0,"Debit",0
"T00789","A0379",6920.89,"Online",2024-03-12 09:28:03,"Groceries","Web",0,"Credit",1
"T00790","A0388",1843.44,"Online",2024-09-11 12:29:58,"Entertainment","Web",1,"Debit",0
"T00791",NA,7719.54,"In-Store",2024-03-03 15:44:14,NA,"Mobile",0,"Credit",0
"T00792","A0246",2529.51,"Online",2024-10-30 23:54:02,NA,"Mobile",0,"Debit",1
"T00793","A0142",6875.6,"In-Store",2024-06-08 23:10:14,NA,"Web",0,"Debit",1
"T00794","A0028",7142.21,"Online",2024-12-23 22:26:02,"Electronics","Web",0,"Credit",1
"T00795","A0353",1830.85,"In-Store",2024-08-28 16:42:37,NA,"Mobile",0,"Debit",1
"T00796",NA,711.67,"Online",2024-02-11 02:50:37,"Electronics","Web",0,"Debit",1
"T00797","A0182",2156.6,"Online",2024-08-01 14:28:59,NA,"Web",0,"Debit",0
"T00798","A0246",5232.97,"Online",2024-02-25 08:29:48,"Others","Mobile",0,"Debit",0
"T00799",NA,7241.43,"Online",2024-11-19 03:08:01,"Electronics","Mobile",2,"Credit",1
"T00800","A0110",4206.73,"In-Store",2024-06-07 23:58:02,NA,"Web",0,"Credit",1
"T00801",NA,9714.19,"Online",2024-11-18 05:46:04,"Electronics","POS",2,"Debit",1
"T00802","A0302",3233.42,"Online",2024-05-30 19:35:37,NA,"Mobile",0,"Debit",1
"T00803","A0065",4672.24,"In-Store",2024-05-24 09:18:15,"Groceries","Web",2,"Credit",1
"T00804","A0099",4726.22,"In-Store",2024-08-19 09:10:00,"Groceries","Mobile",0,"Credit",1
"T00805","A0116",3712.61,"Online",2024-07-14 17:38:54,NA,"Web",0,"Debit",1
"T00806","A0301",6730.73,"Online",2024-03-08 19:42:19,"Clothing","Mobile",1,"Debit",1
"T00807","A0127",7085.21,"Online",2024-09-21 09:28:10,NA,"Web",0,"Debit",0
"T00808","A0208",67.3,"Online",2024-09-09 16:22:21,"Entertainment","Web",0,"Debit",0
"T00809","A0032",607.64,"Online",2024-06-01 01:47:29,NA,"Web",0,"Debit",1
"T00810",NA,5423.57,"Online",2024-08-18 17:25:19,"Groceries","Mobile",1,"Credit",1
"T00811","A0472",4933.03,"Online",2024-05-16 22:29:35,"Electronics","Mobile",4,"Credit",0
"T00812","A0458",3645.72,"In-Store",2024-04-22 21:31:18,NA,"Web",0,"Debit",1
"T00813","A0154",5061.73,"Online",2024-07-20 22:58:47,NA,"Mobile",3,"Credit",1
"T00814","A0237",6691.08,"In-Store",2024-06-02 07:12:30,"Groceries","Mobile",0,"Debit",1
"T00815",NA,5338.79,"Online",2024-02-21 20:57:51,"Clothing","Web",2,"Credit",1
"T00816","A0360",7015.85,"In-Store",2024-09-16 06:15:02,"Electronics","POS",40,"Credit",1
"T00817",NA,4935.36,"Online",2024-06-07 19:57:00,"Groceries","Web",1,"Credit",1
"T00818","A0077",7532.69,"In-Store",2024-08-26 10:25:36,"Entertainment","Web",0,"Debit",0
"T00819","A0283",7146.7,"In-Store",2024-07-28 13:57:03,NA,"POS",0,"Credit",1
"T00820","A0010",1163.29,"Online",2024-07-28 06:17:22,"Others","Mobile",0,"Credit",1
"T00821","A0309",4371.3,"In-Store",2024-11-20 15:39:16,NA,"Mobile",0,"Debit",1
"T00822",NA,5515.01,"Online",2024-09-03 18:50:42,"Electronics","Web",0,"Credit",1
"T00823",NA,4108.88,"Online",2024-08-22 18:22:05,"Clothing","Web",0,"Credit",1
"T00824","A0082",6063.41,"In-Store",2024-11-17 20:30:18,"Entertainment","Web",0,"Credit",1
"T00825","A0190",6897.7,"Online",2024-02-24 01:27:47,"Groceries","Web",0,"Debit",1
"T00826","A0331",12.45,"Online",2024-02-22 22:52:08,"Clothing","Mobile",2,"Credit",0
"T00827","A0478",3800.15,"In-Store",2024-08-22 20:24:31,NA,"Mobile",0,"Credit",1
"T00828","A0387",6372.43,"Online",2024-10-01 12:09:01,NA,"Web",1,"Credit",1
"T00829","A0055",2750.51,"Online",2024-02-28 05:50:28,NA,"POS",2,"Credit",0
"T00830","A0141",6964.48,"In-Store",2024-05-12 08:13:57,"Groceries","POS",2,"Credit",0
"T00831","A0056",6250.62,"In-Store",2024-04-20 00:13:03,"Groceries","POS",2,"Debit",1
"T00832","A0154",606.26,"In-Store",2024-11-01 16:31:25,NA,"Web",0,"Debit",0
"T00833","A0026",442.54,"Online",2024-10-18 03:51:10,NA,"Mobile",2,"Debit",0
"T00834","A0495",9867.29,"Online",2024-10-15 16:08:51,"Entertainment","Web",0,"Debit",1
"T00835","A0229",9411.48,"Online",2024-03-11 11:22:20,NA,"Mobile",0,"Debit",0
"T00836","A0164",5726.26,"Online",2024-04-06 07:13:12,NA,"Mobile",2,"Debit",1
"T00837","A0443",2331.82,"In-Store",2024-11-11 17:08:29,NA,"POS",0,"Debit",0
"T00838",NA,560.01,"Online",2024-08-21 11:26:44,"Groceries","Mobile",2,"Debit",0
"T00839",NA,7877.1,"In-Store",2024-11-18 18:50:49,"Groceries","Mobile",0,"Debit",1
"T00840",NA,3547.78,"In-Store",2024-12-09 05:36:56,NA,"Mobile",3,"Credit",0
"T00841","A0057",4408.54,"In-Store",2024-12-19 01:31:57,NA,"Web",0,"Debit",1
"T00842","A0352",2793.05,"Online",2024-05-05 17:54:52,"Electronics","Mobile",0,"Credit",0
"T00843",NA,5327.99,"In-Store",2024-01-12 23:47:15,NA,"Web",2,"Debit",1
"T00844","A0224",5875.43,"In-Store",2024-09-11 09:49:16,NA,"Web",0,"Credit",1
"T00845","A0398",3737.52,"In-Store",2024-07-30 17:23:16,NA,"Mobile",0,"Debit",1
"T00846","A0307",8940.28,"Online",2024-02-26 23:39:42,"Clothing","POS",0,"Credit",1
"T00847",NA,580.77,"Online",2024-09-06 03:58:28,NA,"Web",0,"Debit",1
"T00848","A0260",4538.55,"In-Store",2024-06-01 08:57:50,"Electronics","Web",0,"Debit",1
"T00849","A0197",1338.54,"In-Store",2024-08-17 18:17:40,NA,"Mobile",0,"Debit",0
"T00850","A0419",7656.56,"In-Store",2024-02-03 13:56:34,"Entertainment","Web",0,"Debit",0
"T00851","A0089",5682.23,"Online",2024-08-04 07:40:41,NA,"Web",0,"Debit",1
"T00852","A0135",3522.81,"Online",2024-08-07 16:55:29,NA,"Mobile",1,"Credit",1
"T00853","A0374",5574.87,"Online",2024-12-09 23:54:00,NA,"Mobile",0,"Credit",1
"T00854","A0167",8865.09,"Online",2024-07-20 09:49:07,"Clothing","Web",2,"Debit",1
"T00855","A0111",6664.01,"Online",2024-05-12 22:21:12,"Groceries","Web",0,"Credit",1
"T00856","A0258",2168.47,"In-Store",2024-08-04 00:38:53,NA,"Mobile",0,"Credit",1
"T00857","A0253",1762.71,"In-Store",2024-03-30 20:28:24,NA,"Mobile",0,"Debit",1
"T00858","A0220",7925.46,"In-Store",2024-03-21 13:02:17,"Others","Mobile",0,"Debit",1
"T00859","A0021",9595.15,"Online",2024-01-06 21:03:07,NA,"Web",2,"Credit",1
"T00860","A0269",8102.66,"Online",2024-02-24 16:22:22,"Electronics","POS",3,"Credit",1
"T00861","A0167",7745.03,"In-Store",2024-03-12 07:16:21,NA,"Mobile",0,"Debit",1
"T00862","A0041",3786.74,"In-Store",2024-12-15 02:47:36,NA,"Web",1,"Credit",1
"T00863","A0030",4733.97,"In-Store",2024-06-03 04:50:48,NA,"Mobile",0,"Debit",1
"T00864","A0029",8924.56,"Online",2024-09-24 20:33:41,"Entertainment","Web",0,"Credit",1
"T00865","A0073",1419.38,"Online",2024-12-14 00:16:03,NA,"Mobile",0,"Credit",1
"T00866","A0322",8020.79,"In-Store",2024-11-17 13:57:50,NA,"POS",0,"Debit",1
"T00867","A0212",8771.61,"In-Store",2024-10-02 09:38:31,"Electronics","Web",0,"Credit",1
"T00868","A0354",4642.24,"Online",2024-12-13 21:20:30,NA,"Mobile",0,"Credit",1
"T00869",NA,2965.37,"In-Store",2024-09-10 03:40:42,"Groceries","POS",1,"Debit",0
"T00870","A0325",5190.25,"In-Store",2024-08-10 14:32:31,"Groceries","Mobile",0,"Debit",1
"T00871","A0045",3352.78,"Online",2024-07-11 17:13:45,NA,"Web",0,"Credit",0
"T00872","A0283",9394.38,"Online",2024-11-03 02:06:40,"Groceries","POS",0,"Credit",1
"T00873","A0156",357.85,"In-Store",2024-04-30 08:06:54,NA,"Web",0,"Debit",0
"T00874","A0166",1092.63,"In-Store",2024-06-21 13:07:31,NA,"Mobile",2,"Credit",0
"T00875","A0347",4102.04,"Online",2024-01-17 09:19:08,NA,"Web",0,"Debit",1
"T00876","A0142",3234.39,"In-Store",2024-10-30 06:05:03,"Others","Mobile",2,"Credit",0
"T00877","A0327",5006.57,"Online",2024-03-20 13:45:27,"Clothing","Mobile",2,"Debit",0
"T00878","A0484",9755.76,"Online",2024-05-12 05:32:19,"Others","Mobile",1,"Debit",1
"T00879","A0285",6226.24,"Online",2024-03-14 04:07:52,NA,"Web",0,"Credit",1
"T00880","A0474",4833.71,"In-Store",2024-10-01 03:00:24,"Clothing","Web",0,"Debit",1
"T00881","A0261",7182.26,"Online",2024-08-23 22:53:58,"Clothing","Mobile",0,"Debit",1
"T00882","A0102",6984.08,"In-Store",2024-06-26 12:42:31,NA,"Mobile",0,"Credit",0
"T00883","A0320",3157.21,"In-Store",2024-12-06 04:23:36,"Entertainment","Mobile",0,"Debit",1
"T00884",NA,7932.63,"Online",2024-08-13 13:51:40,"Electronics","Mobile",0,"Debit",0
"T00885","A0428",6963.83,"In-Store",2024-08-16 19:26:43,"Groceries","Web",1,"Debit",1
"T00886",NA,3535.89,"In-Store",2024-11-21 06:46:05,NA,"Web",0,"Credit",0
"T00887",NA,8362.48,"Online",2024-02-19 13:43:39,"Electronics","Mobile",0,"Debit",1
"T00888","A0091",7111.99,"Online",2024-07-24 01:27:52,NA,"Mobile",0,"Credit",1
"T00889","A0198",8705.01,"Online",2024-05-07 02:27:07,NA,"Web",0,"Debit",1
"T00890","A0076",1489.67,"In-Store",2024-06-10 22:52:39,NA,"Web",0,"Credit",1
"T00891","A0177",1757.21,"Online",2024-12-25 06:26:55,"Electronics","Mobile",0,"Credit",0
"T00892","A0051",8409.98,"In-Store",2024-08-10 04:53:23,NA,"Mobile",0,"Debit",1
"T00893","A0357",9993.86,"Online",2024-04-15 11:57:01,"Entertainment","Mobile",0,"Credit",1
"T00894","A0452",8414.38,"Online",2024-08-19 14:25:39,"Entertainment","Web",5,"Credit",0
"T00895","A0375",9198.73,"In-Store",2024-12-28 10:28:21,NA,"Mobile",0,"Credit",0
"T00896","A0400",1201.8,"Online",2024-04-12 14:09:20,"Entertainment","Web",0,"Debit",1
"T00897","A0169",6961.43,"In-Store",2024-12-15 02:34:25,"Others","Mobile",3,"Credit",1
"T00898","A0026",2408.37,"Online",2024-10-17 00:25:03,NA,"Web",0,"Credit",1
"T00899","A0207",556.63,"In-Store",2024-07-15 21:51:04,NA,"Web",2,"Credit",0
"T00900","A0033",977.22,"Online",2024-05-30 11:19:10,"Electronics","Mobile",0,"Debit",0
"T00901","A0070",1439.93,"In-Store",2024-12-14 10:01:54,NA,"Mobile",4,"Debit",0
"T00902","A0396",8958.36,"Online",2024-12-08 13:04:09,"Groceries","Mobile",1,"Credit",1
"T00903",NA,2968.33,"In-Store",2024-07-13 20:51:15,"Clothing","Web",1,"Credit",1
"T00904","A0374",3600.41,"Online",2024-09-07 05:58:39,NA,"Web",0,"Credit",1
"T00905","A0383",9607.46,"In-Store",2024-08-10 22:02:05,"Groceries","Mobile",2,"Debit",0
"T00906",NA,7506.34,"Online",2024-11-18 12:37:56,"Entertainment","Mobile",0,"Credit",1
"T00907","A0317",2211,"In-Store",2024-12-19 02:08:48,"Electronics","Mobile",0,"Debit",0
"T00908","A0068",114.01,"Online",2024-07-08 12:22:33,"Groceries","Web",1,"Debit",0
"T00909","A0201",184.29,"Online",2024-12-27 18:59:24,NA,"Web",0,"Debit",1
"T00910",NA,7008.57,"Online",2024-01-14 05:26:27,NA,"Web",0,"Debit",1
"T00911","A0403",9838.5,"In-Store",2024-11-08 10:36:04,"Electronics","Mobile",0,"Debit",1
"T00912",NA,9677.43,"In-Store",2024-09-22 22:13:26,"Clothing","Mobile",0,"Credit",1
"T00913","A0215",2990.1,"In-Store",2024-04-12 09:23:50,"Others","Mobile",0,"Debit",1
"T00914","A0427",1673.76,"Online",2024-11-24 00:54:37,"Entertainment","POS",3,"Debit",0
"T00915","A0493",7295.75,"Online",2024-02-14 10:59:03,NA,"Mobile",0,"Debit",0
"T00916","A0177",7924.85,"In-Store",2024-08-29 20:49:55,NA,"Mobile",0,"Debit",1
"T00917",NA,3846.84,"Online",2024-09-19 07:06:00,NA,"Web",0,"Credit",0
"T00918","A0347",7251.51,"Online",2024-02-21 21:56:12,"Clothing","Mobile",0,"Credit",1
"T00919","A0175",9882.88,"Online",2024-11-29 10:28:28,NA,"Mobile",0,"Debit",1
"T00920","A0310",4455.62,"In-Store",2024-01-01 15:46:24,"Groceries","Mobile",0,"Credit",0
"T00921","A0077",6036.03,"In-Store",2024-05-27 08:30:42,"Electronics","Mobile",0,"Credit",0
"T00922","A0322",7384.7,"In-Store",2024-08-02 14:41:55,NA,"Web",0,"Debit",1
"T00923",NA,9961.41,"Online",2024-04-01 10:02:06,NA,"Mobile",0,"Credit",1
"T00924","A0297",9711.17,"Online",2024-01-12 03:27:46,"Entertainment","Mobile",0,"Debit",1
"T00925","A0106",7524.16,"In-Store",2024-11-22 14:10:54,NA,"Web",0,"Debit",1
"T00926","A0254",5271.64,"Online",2024-03-04 07:42:30,"Groceries","Mobile",0,"Credit",1
"T00927","A0326",333.37,"Online",2024-05-04 04:07:09,NA,"Web",0,"Debit",1
"T00928","A0111",2386.13,"In-Store",2024-12-25 21:51:29,"Groceries","Web",0,"Debit",1
"T00929","A0382",4472.14,"Online",2024-09-10 19:38:15,"Clothing","POS",0,"Credit",1
"T00930","A0057",5647.51,"In-Store",2024-05-10 07:00:51,"Entertainment","Mobile",0,"Credit",1
"T00931","A0166",7565.65,"In-Store",2024-10-15 02:17:03,"Clothing","Web",0,"Credit",1
"T00932",NA,2750.05,"Online",2024-09-16 18:02:53,NA,"Mobile",0,"Credit",1
"T00933","A0192",5568.22,"Online",2024-11-13 12:59:12,NA,"Web",0,"Credit",1
"T00934","A0334",1564.79,"In-Store",2024-12-03 01:22:44,"Entertainment","Mobile",0,"Credit",0
"T00935","A0157",6298.75,"Online",2024-08-06 08:59:54,NA,"POS",0,"Credit",1
"T00936","A0007",8091.52,"In-Store",2024-12-15 13:24:56,"Others","Mobile",0,"Credit",0
"T00937","A0264",3400.29,"In-Store",2024-01-25 09:22:58,"Groceries","Web",0,"Credit",0
"T00938","A0213",1449.29,"In-Store",2024-08-26 04:10:04,"Clothing","Mobile",0,"Credit",1
"T00939","A0165",2989.86,"Online",2024-12-03 19:31:00,"Electronics","Web",0,"Credit",1
"T00940","A0303",3407.59,"In-Store",2024-06-14 03:03:44,NA,"Mobile",0,"Credit",1
"T00941","A0199",1767.67,"Online",2024-05-05 17:13:23,"Electronics","Mobile",0,"Debit",0
"T00942","A0305",8453.48,"Online",2024-01-23 13:12:28,"Groceries","POS",0,"Debit",0
"T00943","A0078",6569.59,"In-Store",2024-08-23 13:59:55,"Electronics","Mobile",0,"Credit",1
"T00944","A0430",1556.79,"In-Store",2024-01-05 07:12:20,NA,"Web",0,"Debit",0
"T00945","A0019",8362.31,"Online",2024-11-22 14:40:11,NA,"POS",4,"Credit",0
"T00946",NA,3025.31,"Online",2024-03-15 08:30:13,NA,"Web",0,"Debit",1
"T00947","A0081",8364.16,"Online",2024-02-06 15:58:44,"Groceries","Web",0,"Debit",1
"T00948","A0391",571,"Online",2024-08-02 05:11:28,NA,"Web",0,"Credit",0
"T00949","A0329",7033.15,"Online",2024-05-26 14:23:06,"Electronics","Web",0,"Debit",1
"T00950","A0336",6625.74,"In-Store",2024-03-07 03:48:25,"Electronics","POS",0,"Debit",1
"T00951","A0013",9677.86,"In-Store",2024-10-25 20:07:09,NA,"Mobile",0,"Debit",1
"T00952","A0413",1289.87,"In-Store",2024-07-27 01:09:34,"Groceries","Mobile",0,"Credit",1
"T00953","A0158",1335.86,"Online",2024-03-08 18:36:00,"Groceries","Mobile",1,"Credit",0
"T00954",NA,1393.5,"Online",2024-12-06 08:17:57,"Clothing","Web",0,"Debit",1
"T00955",NA,3473.02,"In-Store",2024-09-17 13:59:47,NA,"Mobile",0,"Debit",1
"T00956","A0111",3731,"In-Store",2024-10-01 02:26:40,"Groceries","Mobile",2,"Credit",1
"T00957","A0178",6372.95,"In-Store",2024-06-02 01:11:34,NA,"Mobile",0,"Debit",1
"T00958","A0035",1262.36,"In-Store",2024-07-27 00:18:31,"Electronics","Mobile",0,"Credit",1
"T00959","A0100",1482.8,"Online",2024-11-02 04:57:17,"Entertainment","Mobile",2,"Debit",0
"T00960","A0368",5939.23,"In-Store",2024-05-30 00:57:39,NA,"POS",3,"Credit",0
"T00961","A0484",4362.11,"In-Store",2024-04-24 12:55:50,"Electronics","Web",2,"Credit",0
"T00962",NA,6739.97,"In-Store",2024-04-28 02:48:55,NA,"Mobile",0,"Credit",1
"T00963",NA,2617.6,"Online",2024-01-18 13:30:35,NA,"Web",1,"Debit",0
"T00964","A0220",3005.18,"Online",2024-11-29 23:26:48,"Groceries","Mobile",0,"Debit",1
"T00965","A0249",3342.74,"In-Store",2024-11-26 23:42:43,NA,"Mobile",0,"Debit",1
"T00966","A0089",1222.06,"Online",2024-08-11 11:09:02,"Electronics","Mobile",1,"Credit",0
"T00967","A0337",982.15,"In-Store",2024-09-07 03:17:18,"Clothing","Mobile",0,"Debit",1
"T00968","A0410",3887.7,"In-Store",2024-06-22 02:37:36,NA,"Mobile",0,"Debit",1
"T00969",NA,9546.63,"In-Store",2024-08-28 06:03:06,NA,"Mobile",0,"Credit",1
"T00970","A0076",1336.93,"Online",2024-03-08 12:22:12,NA,"Mobile",0,"Credit",1
"T00971","A0154",5084.27,"In-Store",2024-08-26 07:15:49,"Groceries","Web",2,"Debit",0
"T00972","A0472",4152.68,"In-Store",2024-02-20 17:09:38,NA,"Web",0,"Credit",0
"T00973","A0040",5416.76,"In-Store",2024-09-14 03:45:09,NA,"Mobile",3,"Credit",1
"T00974",NA,3632.98,"In-Store",2024-09-07 09:38:53,"Groceries","POS",0,"Debit",0
"T00975","A0207",5882.04,"Online",2024-09-09 08:48:27,NA,"Web",0,"Debit",1
"T00976","A0228",7452.03,"Online",2024-08-31 10:54:06,"Entertainment","Web",0,"Debit",1
"T00977","A0313",1317.79,"Online",2024-03-02 21:59:31,"Entertainment","Mobile",0,"Debit",1
"T00978","A0278",9588.25,"In-Store",2024-10-09 07:56:37,"Entertainment","Web",2,"Debit",1
"T00979","A0324",3645.4,"In-Store",2024-11-25 14:08:17,NA,"POS",2,"Debit",0
"T00980",NA,6675.6,"Online",2024-05-29 22:44:07,"Electronics","Web",0,"Credit",1
"T00981","A0300",3901.01,"Online",2024-12-13 13:04:26,"Entertainment","Mobile",0,"Credit",0
"T00982","A0299",4058.59,"In-Store",2024-03-13 09:15:57,"Groceries","Web",0,"Credit",0
"T00983","A0014",7818.01,"In-Store",2024-06-30 23:12:04,"Clothing","Web",0,"Debit",1
"T00984","A0209",6413.26,"In-Store",2024-11-06 10:06:00,NA,"Mobile",0,"Debit",0
"T00985","A0110",8000.27,"Online",2024-09-02 05:27:38,"Groceries","Web",0,"Debit",1
"T00986","A0290",6208.76,"Online",2024-12-23 16:00:40,"Groceries","Mobile",0,"Debit",1
"T00987","A0421",4207.24,"Online",2024-11-13 17:59:33,"Entertainment","Mobile",0,"Credit",1
"T00988","A0437",3042.36,"In-Store",2024-05-26 06:02:02,NA,"Web",0,"Debit",1
"T00989","A0238",3030.58,"In-Store",2024-07-30 01:01:57,NA,"Web",1,"Debit",1
"T00990","A0099",2412.8,"Online",2024-03-15 13:07:04,NA,"Mobile",1,"Credit",1
"T00991",NA,2336.82,"In-Store",2024-08-19 11:56:00,NA,"Web",0,"Credit",0
"T00992",NA,7437.21,"Online",2024-04-29 09:10:57,"Clothing","Web",0,"Debit",1
"T00993","A0345",3005.21,"In-Store",2024-12-23 17:19:54,NA,"Web",0,"Credit",0
"T00994","A0413",8618.85,"Online",2024-12-09 08:40:11,NA,"Mobile",1,"Debit",1
"T00995",NA,2106.67,"In-Store",2024-03-18 18:24:31,NA,"Web",0,"Credit",0
"T00996","A0444",1315.4,"Online",2024-06-18 12:39:40,NA,"Mobile",0,"Debit",0
"T00997",NA,1408.46,"In-Store",2024-08-09 18:49:02,NA,"Mobile",0,"Debit",0
"T00998","A0103",1278.33,"Online",2024-02-09 00:14:26,"Electronics","Mobile",0,"Debit",1
"T00999","A0073",4432.27,"In-Store",2024-11-12 20:26:57,NA,"Mobile",0,"Credit",1
"T01000","A0237",2801.92,"Online",2024-08-04 01:22:21,NA,"Mobile",0,"Debit",1
